Workbook

Sheet Data Perhitungan
A16: Waktu (t) | B16: EFB 10 mm (Ct1) | C16: Orde 1 (Ct2) | D16: Error 1 | E16: Error^2 1 | F16: Orde 2 (Ct3) | G16: Error 2 | H16: Error^2 2
A17: 0 | B17: 0
A18: 5 | B18: 127 | C18: =A27*(1-EXP((-B27)*A18)) -> 57.525218 | D18: =B18-C18 -> 69.474782 | E18: =D18^2 -> 4826.7454 | F18: =(C27*A18*A27^2)/(1+C27*A18*A27) -> 144.22699 | G18: =B18-F18 -> -17.226991 | H18: =G18^2 -> 296.7692
A19: 10 | B19: 133.2 | C19: =A27*(1-EXP((-B27)*A19)) -> 92.416026 | D19: =B19-C19 -> 40.783974 | E19: =D19^2 -> 1663.3326 | F19: =(C27*A19*A27^2)/(1+C27*A19*A27) -> 145.20679 | G19: =B19-F19 -> -12.006793 | H19: =G19^2 -> 144.16309
A20: 15 | B20: 134.6 | C20: =A27*(1-EXP((-B27)*A20)) -> 113.57837 | D20: =B20-C20 -> 21.021629 | E20: =D20^2 -> 441.9089 | F20: =(C27*A20*A27^2)/(1+C27*A20*A27) -> 145.53636 | G20: =B20-F20 -> -10.93636 | H20: =G20^2 -> 119.60396
A21: 20 | B21: 139 | C21: =A27*(1-EXP((-B27)*A21)) -> 126.41398 | D21: =B21-C21 -> 12.586018 | E21: =D21^2 -> 158.40786 | F21: =(C27*A21*A27^2)/(1+C27*A21*A27) -> 145.7017 | G21: =B21-F21 -> -6.7017042 | H21: =G21^2 -> 44.912839
A22: 25 | B22: 143.8 | C22: =A27*(1-EXP((-B27)*A22)) -> 134.19917 | D22: =B22-C22 -> 9.6008268 | E22: =D22^2 -> 92.175875 | F22: =(C27*A22*A27^2)/(1+C27*A22*A27) -> 145.80109 | G22: =B22-F22 -> -2.0010914 | H22: =G22^2 -> 4.0043668
A23: 30 | B23: 146.2 | C23: =A27*(1-EXP((-B27)*A23)) -> 138.92113 | D23: =B23-C23 -> 7.2788694 | E23: =D23^2 -> 52.98194 | F23: =(C27*A23*A27^2)/(1+C27*A23*A27) -> 145.86742 | G23: =B23-F23 -> 0.33257507 | H23: =G23^2 -> 0.11060618
A25: Asumsi | E25: SSE Orde 1 | F25: SSE Orde 1 (Setelah Solver) | H25: SSE Orde 2 | I25: SSE Orde 2 (Setelah solver)
A26: Csat | B26: K1 | C26: K2 | E26: =SUM(E18:E23) -> 7235.5525 | F26: 280.37576 | H26: =SUM(H18:H23) -> 609.56406 | I26: 43.969082
A27: 146.2 | B27: 0.1 | C27: 0.1
A29: Hasil
A30: K1 | B30: K2
A31: 0.36902977 | B31: 0.008233212
A35: Waktu (t) | B35: EFB 2 mm (Ct1) | C35: Orde 1 (Ct1) | D35: Error 1 | E35: Error^2 1 | F35: Orde 2 (Ct3) | G35: Error 2 | H35: Error^2 2
A36: 0 | B36: 0
A37: 5 | B37: 115.5 | C37: =A46*(1-EXP(-B46)*A37) -> -429.59841 | D37: =B37-C37 -> 545.09841 | E37: =D37^2 -> 297132.27 | F37: =(C46*A37*A46^2)/(1+C46*A37*A46) -> 119.93228 | G37: =B37-F37 -> -4.4322841 | H37: =G37^2 -> 19.645142
A38: 10 | B38: 115.7 | C38: =A46*(1-EXP(-B46)*A38) -> -981.09681 | D38: =B38-C38 -> 1096.7968 | E38: =D38^2 -> 1202963.2 | F38: =(C46*A38*A46^2)/(1+C46*A38*A46) -> 120.90814 | G38: =B38-F38 -> -5.2081367 | H38: =G38^2 -> 27.124688
A39: 15 | B39: 120.2 | C39: =A46*(1-EXP(-B46)*A39) -> -1532.5952 | D39: =B39-C39 -> 1652.7952 | E39: =D39^2 -> 2731732 | F39: =(C46*A39*A46^2)/(1+C46*A39*A46) -> 121.23696 | G39: =B39-F39 -> -1.0369595 | H39: =G39^2 -> 1.075285
A40: 20 | B40: 120.2 | C40: =A46*(1-EXP(-B46)*A40) -> -2084.0936 | D40: =B40-C40 -> 2204.2936 | E40: =D40^2 -> 4858910.4 | F40: =(C46*A40*A46^2)/(1+C46*A40*A46) -> 121.40204 | G40: =B40-F40 -> -1.2020425 | H40: =G40^2 -> 1.4449061
A41: 25 | B41: 121.6 | C41: =A46*(1-EXP(-B46)*A41) -> -2635.592 | D41: =B41-C41 -> 2757.192 | E41: =D41^2 -> 7602107.9 | F41: =(C46*A41*A46^2)/(1+C46*A41*A46) -> 121.50131 | G41: =B41-F41 -> 0.098691742 | H41: =G41^2 -> 0.0097400599
A42: 30 | B42: 121.9 | C42: =A46*(1-EXP(-B46)*A42) -> -3187.0904 | D42: =B42-C42 -> 3308.9904 | E42: =D42^2 -> 10949418 | F42: =(C46*A42*A46^2)/(1+C46*A42*A46) -> 121.56758 | G42: =B42-F42 -> 0.33242433 | H42: =G42^2 -> 0.11050593
A44: Asumsi | E44: SSE Orde 1 | F44: SSE Orde 1(Setelah Solver) | H44: SSE Orde 2 | I44: SSE Orde 2 (Setelah Solver)
A45: Csat | B45: K1 | C45: K2 | E45: =SUM(E37:E42) -> 27642264 | F45: 73.876154 | H45: =SUM(H37:H42) -> 49.410267 | I45: 10.510184
A46: 121.9 | B46: 0.1 | C46: 0.1
A48: Hasil
A49: K1 | B49: K2
A50: 7.451532 | B50: 0.026937232
A54: Waktu (t) | B54: EFB 0.85 mm (Ct1) | C54: Orde 1 (Ct2) | D54: Error 1 | E54: Error^2 1 | F54: Orde 2 (Ct3) | G54: Error 2 | H54: Error^2 2
A55: 0 | B55: 0
A56: 5 | B56: 94.7 | C56: =A65*(1-EXP(-B65)*A56) -> -467.30721 | D56: =B56-C56 -> 562.00721 | E56: =D56^2 -> 315852.1 | F56: =(C65*A56*A65^2)/(1+C65*A56*A65) -> 130.62972 | G56: =B56-F56 -> -35.929718 | H56: =G56^2 -> 1290.9446
A57: 10 | B57: 124.8 | C57: =A65*(1-EXP(-B65)*A57) -> -1067.2144 | D57: =B57-C57 -> 1192.0144 | E57: =D57^2 -> 1420898.4 | F57: =(C65*A57*A65^2)/(1+C65*A57*A65) -> 131.60749 | G57: =B57-F57 -> -6.807485 | H57: =G57^2 -> 46.341852
A58: 15 | B58: 124.4 | C58: =A65*(1-EXP(-B65)*A58) -> -1667.1216 | D58: =B58-C58 -> 1791.5216 | E58: =D58^2 -> 3209549.7 | F58: =(C65*A58*A65^2)/(1+C65*A58*A65) -> 131.93667 | G58: =B58-F58 -> -7.5366683 | H58: =G58^2 -> 56.80137
A59: 20 | B59: 125.1 | C59: =A65*(1-EXP(-B65)*A59) -> -2267.0288 | D59: =B59-C59 -> 2392.1288 | E59: =D59^2 -> 5722280.4 | F59: =(C65*A59*A65^2)/(1+C65*A59*A65) -> 132.10188 | G59: =B59-F59 -> -7.0018783 | H59: =G59^2 -> 49.0263
A60: 25 | B60: 125.7 | C60: =A65*(1-EXP(-B65)*A60) -> -2866.936 | D60: =B60-C60 -> 2992.636 | E60: =D60^2 -> 8955870.5 | F60: =(C65*A60*A65^2)/(1+C65*A60*A65) -> 132.2012 | G60: =B60-F60 -> -6.501203 | H60: =G60^2 -> 42.265641
A61: 30 | B61: 132.6 | C61: =A65*(1-EXP(-B65)*A61) -> -3466.8432 | D61: =B61-C61 -> 3599.4432 | E61: =D61^2 -> 12955992 | F61: =(C65*A61*A65^2)/(1+C65*A61*A65) -> 132.2675 | G61: =B61-F61 -> 0.33249749 | H61: =G61^2 -> 0.11055458
A63: Asumsi | E63: SSE Orde 1 | F63: SSE Orde 1 (Setelah Solver) | H63: SSE Orde 2 | I63: SSE Orde 2 (Setelah Solver)
A64: Csat | B64: K1 | C64: K2 | E64: =SUM(E56:E61) -> 32580443 | F64: 1444.8911 | H64: =SUM(H56:H61) -> 1485.4903 | I64: 197.1445
A65: 132.6 | B65: 0.1 | C65: 0.1
A67: Hasil
A68: K1 | B68: K2
A69: 6.047591 | B69: 0.0053642324

Sheet Hasil EFB 10mm
D1: Calcium
A2: Time (min) | B2: Concentration EFB 10mm (Ct1) | C2: Orde 1 (Ct2) | D2: Error 1 | E2: Error^2 1 | F2: Orde 2 (Ct3) | G2: Error 2 | H2: Error 2^2 | J2: Csat | K2: 146.2
A3: 0 | B3: 0 | C3: 0 | D3: 0 | E3: 0 | F3: 0 | G3: 0 | H3: 0 | J3: K1 | K3: 0.36902977
A4: 5 | B4: 127 | C4: =K2*(1-EXP(-K3*A4)) -> 123.10014 | D4: =B4-C4 -> 3.8998628 | E4: =D4^2 -> 15.20893 | F4: =(K4*A4*K2^2)/(1+K4*A4*K2) -> 125.36927 | G4: =B4-F4 -> 1.6307272 | H4: =G4^2 -> 2.6592712 | J4: K2 | K4: 0.008233212
A5: 10 | B5: 133.2 | C5: =K2*(1-EXP(-K3*A5)) -> 142.55018 | D5: =B5-C5 -> -9.3501801 | E5: =D5^2 -> 87.425869 | F5: =(K4*A5*K2^2)/(1+K4*A5*K2) -> 134.98573 | G5: =B5-F5 -> -1.7857257 | H5: =G5^2 -> 3.1888163 | J5: SSE Orde 1 | K5: =SUM(E3:E9) -> 280.37576
A6: 15 | B6: 134.6 | C6: =K2*(1-EXP(-K3*A6)) -> 145.62332 | D6: =B6-C6 -> -11.023322 | E6: =D6^2 -> 121.51363 | F6: =(K4*A6*K2^2)/(1+K4*A6*K2) -> 138.52765 | G6: =B6-F6 -> -3.9276478 | H6: =G6^2 -> 15.426417 | J6: SSE Orde 2 | K6: =SUM(H3:H9) -> 43.969082
A7: 20 | B7: 139 | C7: =K2*(1-EXP(-K3*A7)) -> 146.10888 | D7: =B7-C7 -> -7.1088838 | E7: =D7^2 -> 50.536229 | F7: =(K4*A7*K2^2)/(1+K4*A7*K2) -> 140.36924 | G7: =B7-F7 -> -1.3692385 | H7: =G7^2 -> 1.8748141 | J7: SST Orde 1 | K7: {=SUM((Table4[Concentration EFB 10mm (Ct1)]-AVERAGE(Table4[Concentration EFB 10mm (Ct1)]))^2)} -> 16412.789
A8: 25 | B8: 143.8 | C8: =K2*(1-EXP(-K3*A8)) -> 146.1856 | D8: =B8-C8 -> -2.3856035 | E8: =D8^2 -> 5.691104 | F8: =(K4*A8*K2^2)/(1+K4*A8*K2) -> 141.49788 | G8: =B8-F8 -> 2.3021152 | H8: =G8^2 -> 5.2997346 | J8: SST Orde 2 | K8: {=SUM((Table4[Concentration EFB 10mm (Ct1)]-AVERAGE(Table4[Concentration EFB 10mm (Ct1)]))^2)} -> 16412.789
A9: 30 | B9: 146.2 | C9: =K2*(1-EXP(-K3*A9)) -> 146.19773 | D9: =B9-C9 -> 0.002274676 | E9: =D9^2 -> 5.1741509e-06 | F9: =(K4*A9*K2^2)/(1+K4*A9*K2) -> 142.26045 | G9: =B9-F9 -> 3.9395468 | H9: =G9^2 -> 15.520029 | J9: R^2 Orde 1 | K9: =1-(K5/K7) -> 0.98291724
J10: R^2 Orde 2 | K10: =1-(K6/K8) -> 0.99732105
D27: Sulfur
A28: Time (min) | B28: Concentration (Ct1) | C28: Orde 1 (Ct2) | D28: Error 1 | E28: Error^2 1 | F28: Orde 2 (Ct2) | G28: Error 2 | H28: Error^2 2 | J28: Csat | K28: 7.4
A29: 0 | B29: 0 | C29: 0 | D29: 0 | E29: 0 | F29: 0 | G29: 0 | H29: 0 | J29: K1 | K29: 7.4
A30: 5 | B30: 7 | C30: =K28*(1-EXP(-K29*B30)) -> 7.4 | D30: =B30-C30 -> -0.4 | E30: =D30^2 -> 0.16 | F30: =(K30*B30*K28^2)/(1+K30*B30*K28) -> 7.1914894 | G30: =B30-F30 -> -0.19148936 | H30: =G30^2 -> 0.036668176 | J30: K2 | K30: 0.66582618
A31: 10 | B31: 7.1 | C31: =K28*(1-EXP(-K29*B31)) -> 7.4 | D31: =B31-C31 -> -0.3 | E31: =D31^2 -> 0.09 | F31: =(K30*B31*K28^2)/(1+K30*B31*K28) -> 7.1943445 | G31: =B31-F31 -> -0.094344515 | H31: =G31^2 -> 0.0089008875 | J31: SSE Orde 1 | K31: =SUM(E29:E35) -> 0.38
A32: 15 | B32: 7.1 | C32: =K28*(1-EXP(-K29*B32)) -> 7.4 | D32: =B32-C32 -> -0.3 | E32: =D32^2 -> 0.09 | F32: =(K30*B32*K28^2)/(1+K30*B32*K28) -> 7.1943445 | G32: =B32-F32 -> -0.094344515 | H32: =G32^2 -> 0.0089008875 | J32: SSE Orde 2 | K32: =SUM(H29:H35) -> 0.13252286
A33: 20 | B33: 7.2 | C33: =K28*(1-EXP(-K29*B33)) -> 7.4 | D33: =B33-C33 -> -0.2 | E33: =D33^2 -> 0.04 | F33: =(K30*B33*K28^2)/(1+K30*B33*K28) -> 7.1971225 | G33: =B33-F33 -> 0.0028774673 | H33: =G33^2 -> 8.2798181e-06 | J33: SST Orde 1 | K33: {=SUM((B29:B35-AVERAGE(B29:B35))^2)} -> 44.574286
A34: 25 | B34: 7.4 | C34: =K28*(1-EXP(-K29*B34)) -> 7.4 | D34: =B34-C34 -> 0 | E34: =D34^2 -> 0 | F34: =(K30*B34*K28^2)/(1+K30*B34*K28) -> 7.2024593 | G34: =B34-F34 -> 0.19754066 | H34: =G34^2 -> 0.039022314 | J34: SST Orde 2 | K34: {=SUM((B29:B35-AVERAGE(B29:B35))^2)} -> 44.574286
A35: 30 | B35: 7.4 | C35: =K28*(1-EXP(-K29*B35)) -> 7.4 | D35: =B35-C35 -> 0 | E35: =D35^2 -> 0 | F35: =(K30*B35*K28^2)/(1+K30*B35*K28) -> 7.2024593 | G35: =B35-F35 -> 0.19754066 | H35: =G35^2 -> 0.039022314 | J35: R^2 Orde 1 | K35: =1-(K31/K33) -> 0.99147491
J36: R^2 Orde 2 | K36: =1-(K32/K34) -> 0.99702692
D54: Magnesium
A55: Time (min) | B55: Concentration (Ct1) | C55: Orde 1 (Ct2) | D55: Error 1 | E55: Error^2 1 | F55: Orde 2 (Ct3) | G55: Error 2 | H55: Error^2 2 | J55: Csat | K55: 97.3
A56: 0 | B56: 0 | C56: 0 | D56: 0 | E56: 0 | F56: 0 | G56: 0 | H56: 0 | J56: K1 | K56: 6.2060965
A57: 5 | B57: 69.6 | C57: =K55*(1-EXP(-K56*A57)) -> 97.3 | D57: =B57-C57 -> -27.7 | E57: =D57^2 -> 767.29 | F57: =(K57*A57*K55^2)/(1+K57*A57*K55) -> 75.685978 | G57: =B57-F57 -> -6.0859782 | H57: =G57^2 -> 37.039131 | J57: K2 | K57: 0.007197754
A58: 10 | B58: 89 | C58: =K55*(1-EXP(-K56*A58)) -> 97.3 | D58: =B58-C58 -> -8.3 | E58: =D58^2 -> 68.89 | F58: =(K57*A58*K55^2)/(1+K57*A58*K55) -> 85.142689 | G58: =B58-F58 -> 3.8573109 | H58: =G58^2 -> 14.878847 | J58: SSE Orde 1 | K58: =SUM(E56:E62) -> 913.54
A59: 15 | B59: 90.7 | C59: =K55*(1-EXP(-K56*A59)) -> 97.3 | D59: =B59-C59 -> -6.6 | E59: =D59^2 -> 43.56 | F59: =(K57*A59*K55^2)/(1+K57*A59*K55) -> 88.842897 | G59: =B59-F59 -> 1.8571029 | H59: =G59^2 -> 3.4488311 | J59: SSE Orde 2 | K59: =SUM(H56:H62) -> 98.967365
A60: 20 | B60: 91.5 | C60: =K55*(1-EXP(-K56*A60)) -> 97.3 | D60: =B60-C60 -> -5.8 | E60: =D60^2 -> 33.64 | F60: =(K57*A60*K55^2)/(1+K57*A60*K55) -> 90.816285 | G60: =B60-F60 -> 0.68371473 | H60: =G60^2 -> 0.46746584 | J60: SST Orde 1 | K60: {=SUM((B56:B62-AVERAGE(B56:B62))^2)} -> 7331.5143
A61: 25 | B61: 96.9 | C61: =K55*(1-EXP(-K56*A61)) -> 97.3 | D61: =B61-C61 -> -0.4 | E61: =D61^2 -> 0.16 | F61: =(K57*A61*K55^2)/(1+K57*A61*K55) -> 92.042966 | G61: =B61-F61 -> 4.8570337 | H61: =G61^2 -> 23.590776 | J61: SST Orde 2 | K61: {=SUM((B56:B62-AVERAGE(B56:B62))^2)} -> 7331.5143
A62: 30 | B62: 97.3 | C62: =K55*(1-EXP(-K56*A62)) -> 97.3 | D62: =B62-C62 -> 0 | E62: =D62^2 -> 0 | F62: =(K57*A62*K55^2)/(1+K57*A62*K55) -> 92.879331 | G62: =B62-F62 -> 4.4206689 | H62: =G62^2 -> 19.542313 | J62: R^2 Orde 1 | K62: =1-(K58/K60) -> 0.87539546
J63: R^2 Orde 2 | K63: =1-(K59/K61) -> 0.9865011
D81: Silicon
A82: Time (min) | B82: Concentration (Ct1) | C82: Orde 1 (Ct2) | D82: Error 1 | E82: Error^2 1 | F82: Orde 2 (Ct3) | G82: Error 2 | H82: Error^2 2 | J82: Csat | K82: 5.19
A83: 0 | B83: 0 | C83: 0 | D83: 0 | E83: 0 | F83: 0 | G83: 0 | H83: 0 | J83: K1 | K83: 5.6388017
A84: 5 | B84: 2.09 | C84: =K82*(1-EXP(-K83*A84)) -> 5.19 | D84: =B84-C84 -> -3.1 | E84: =D84^2 -> 9.61 | F84: =(K84*A84*K82^2)/(1+K84*A84*K82) -> 3.1274555 | G84: =B84-F84 -> -1.0374555 | H84: =G84^2 -> 1.0763139 | J84: K2 | K84: 0.05843196
A85: 10 | B85: 4.19 | C85: =K82*(1-EXP(-K83*A85)) -> 5.19 | D85: =B85-C85 -> -1 | E85: =D85^2 -> 1 | F85: =(K84*A85*K82^2)/(1+K84*A85*K82) -> 3.9029951 | G85: =B85-F85 -> 0.28700489 | H85: =G85^2 -> 0.082371804 | J85: SSE Orde 1 | K85: =SUM(E83:E89) -> 11.27
A86: 15 | B86: 4.39 | C86: =K82*(1-EXP(-K83*A86)) -> 5.19 | D86: =B86-C86 -> -0.8 | E86: =D86^2 -> 0.64 | F86: =(K84*A86*K82^2)/(1+K84*A86*K82) -> 4.2546842 | G86: =B86-F86 -> 0.13531578 | H86: =G86^2 -> 0.01831036 | J86: SSE Orde 2 | K86: =SUM(H83:H89) -> 2.0986657
A87: 20 | B87: 5.09 | C87: =K82*(1-EXP(-K83*A87)) -> 5.19 | D87: =B87-C87 -> -0.1 | E87: =D87^2 -> 0.01 | F87: =(K84*A87*K82^2)/(1+K84*A87*K82) -> 4.4554175 | G87: =B87-F87 -> 0.63458253 | H87: =G87^2 -> 0.40269499 | J87: SST Orde 1 | K87: {=SUM((B83:B89-AVERAGE(B83:B89))^2)} -> 23.0798
A88: 25 | B88: 5.09 | C88: =K82*(1-EXP(-K83*A88)) -> 5.19 | D88: =B88-C88 -> -0.1 | E88: =D88^2 -> 0.01 | F88: =(K84*A88*K82^2)/(1+K84*A88*K82) -> 4.5852139 | G88: =B88-F88 -> 0.50478607 | H88: =G88^2 -> 0.25480898 | J88: SST Orde 2 | K88: {=SUM((B83:B89-AVERAGE(B83:B89))^2)} -> 23.0798
A89: 30 | B89: 5.19 | C89: =K82*(1-EXP(-K83*A89)) -> 5.19 | D89: =B89-C89 -> 0 | E89: =D89^2 -> 0 | F89: =(K84*A89*K82^2)/(1+K84*A89*K82) -> 4.6760295 | G89: =B89-F89 -> 0.51397048 | H89: =G89^2 -> 0.26416566 | J89: R^2 Orde 1 | K89: =1-(K85/K87) -> 0.51169421
J90: R^2 Orde 2 | K90: =1-(K86/K88) -> 0.90906915
D108: Sodium
A109: Time (min) | B109: Concentration (Ct1) | C109: Orde 1 (Ct2) | D109: Error 1 | E109: Error^2 1 | F109: Orde 2 (Ct3) | G109: Error 2 | H109: Error^2 2 | J109: Csat | K109: 2.6
A110: 0 | B110: 0 | C110: 0 | D110: 0 | E110: 0 | F110: 0 | G110: 0 | H110: 0 | J110: K1 | K110: 4.9124859
A111: 5 | B111: 0.9 | C111: =K109*(1-EXP(-K110*A111)) -> 2.6 | D111: =B111-C111 -> -1.7 | E111: =D111^2 -> 2.89 | F111: =(K111*A111*K109^2)/(1+K111*A111*K109) -> 1.2355823 | G111: =B111-F111 -> -0.33558232 | H111: =G111^2 -> 0.11261549 | J111: K2 | K111: 0.069659603
A112: 10 | B112: 1.6 | C112: =K109*(1-EXP(-K110*A112)) -> 2.6 | D112: =B112-C112 -> -1 | E112: =D112^2 -> 1 | F112: =(K111*A112*K109^2)/(1+K111*A112*K109) -> 1.6751115 | G112: =B112-F112 -> -0.075111502 | H112: =G112^2 -> 0.0056417378 | J112: SSE Orde 1 | K112: =SUM(E110:E116) -> 4.73
A113: 15 | B113: 1.8 | C113: =K109*(1-EXP(-K110*A113)) -> 2.6 | D113: =B113-C113 -> -0.8 | E113: =D113^2 -> 0.64 | F113: =(K111*A113*K109^2)/(1+K111*A113*K109) -> 1.9004593 | G113: =B113-F113 -> -0.10045932 | H113: =G113^2 -> 0.010092075 | J113: SSE Orde 2 | K113: =SUM(H110:H116) -> 0.39116551
A114: 20 | B114: 2.2 | C114: =K109*(1-EXP(-K110*A114)) -> 2.6 | D114: =B114-C114 -> -0.4 | E114: =D114^2 -> 0.16 | F114: =(K111*A114*K109^2)/(1+K111*A114*K109) -> 2.0375094 | G114: =B114-F114 -> 0.16249061 | H114: =G114^2 -> 0.0264032 | J114: SST Orde 1 | K114: {=SUM((B110:B116-AVERAGE(B110:B116))^2)} -> 5.0771429
A115: 25 | B115: 2.4 | C115: =K109*(1-EXP(-K110*A115)) -> 2.6 | D115: =B115-C115 -> -0.2 | E115: =D115^2 -> 0.04 | F115: =(K111*A115*K109^2)/(1+K111*A115*K109) -> 2.1296564 | G115: =B115-F115 -> 0.27034356 | H115: =G115^2 -> 0.073085638 | J115: SST Orde 2 | K115: {=SUM((B110:B116-AVERAGE(B110:B116))^2)} -> 5.0771429
A116: 30 | B116: 2.6 | C116: =K109*(1-EXP(-K110*A116)) -> 2.6 | D116: =B116-C116 -> 0 | E116: =D116^2 -> 0 | F116: =(K111*A116*K109^2)/(1+K111*A116*K109) -> 2.1958622 | G116: =B116-F116 -> 0.40413781 | H116: =G116^2 -> 0.16332737 | J116: R^2 Orde 1 | K116: =1-(K112/K114) -> 0.068373664
J117: R^2 Orde 2 | K117: =1-(K113/K115) -> 0.92295558
D135: Fosfor
A136: Time (min) | B136: Concentration (Ct1) | C136: Orde 1 (Ct2) | D136: Error 1 | E136: Error^2 1 | F136: Orde 2 (Ct3) | G136: Error 2 | H136: Error^2 2 | J136: Csat | K136: 23.2
A137: 0 | B137: 0 | C137: 0 | D137: 0 | E137: 0 | F137: 0 | G137: 0 | H137: 0 | J137: K1 | K137: 0.25490255
A138: 5 | B138: 16.6 | C138: =K136*(1-EXP(-K137*A138)) -> 16.714042 | D138: =B138-C138 -> -0.11404188 | E138: =D138^2 -> 0.013005551 | F138: =(K138*A138*K136^2)/(1+K138*A138*K136) -> 18.623033 | G138: =B138-F138 -> -2.0230331 | H138: =G138^2 -> 4.0926628 | J138: K2 | K138: 0.035076371
A139: 10 | B139: 21.6 | C139: =K136*(1-EXP(-K137*A139)) -> 21.386739 | D139: =B139-C139 -> 0.21326089 | E139: =D139^2 -> 0.045480208 | F139: =(K138*A139*K136^2)/(1+K138*A139*K136) -> 20.661073 | G139: =B139-F139 -> 0.93892712 | H139: =G139^2 -> 0.88158414 | J139: SSE Orde 1 | K139: =SUM(E137:E143) -> 0.065698649
A140: 15 | B140: 22.7 | C140: =K136*(1-EXP(-K137*A140)) -> 22.693072 | D140: =B140-C140 -> 0.0069281984 | E140: =D140^2 -> 4.7999934e-05 | F140: =(K138*A140*K136^2)/(1+K138*A140*K136) -> 21.4433 | G140: =B140-F140 -> 1.2567005 | H140: =G140^2 -> 1.5792961 | J140: SSE Orde 2 | K140: =SUM(H137:H143) -> 9.6673353
A141: 20 | B141: 23 | C141: =K136*(1-EXP(-K137*A141)) -> 23.05828 | D141: =B141-C141 -> -0.058279523 | E141: =D141^2 -> 0.0033965028 | F141: =(K138*A141*K136^2)/(1+K138*A141*K136) -> 21.857053 | G141: =B141-F141 -> 1.1429473 | H141: =G141^2 -> 1.3063285 | J141: SST Orde 1 | K141: {=SUM((B137:B143-AVERAGE(B137:B143))^2)} -> 436.54
A142: 25 | B142: 23.1 | C142: =K136*(1-EXP(-K137*A142)) -> 23.16038 | D142: =B142-C142 -> -0.060379609 | E142: =D142^2 -> 0.0036456972 | F142: =(K138*A142*K136^2)/(1+K138*A142*K136) -> 22.113058 | G142: =B142-F142 -> 0.9869415 | H142: =G142^2 -> 0.97405353 | J142: SST Orde 2 | K142: {=SUM((B137:B143-AVERAGE(B137:B143))^2)} -> 436.54
A143: 30 | B143: 23.2 | C143: =K136*(1-EXP(-K137*A143)) -> 23.188923 | D143: =B143-C143 -> 0.01107656 | E143: =D143^2 -> 0.00012269019 | F143: =(K138*A143*K136^2)/(1+K138*A143*K136) -> 22.287087 | G143: =B143-F143 -> 0.91291306 | H143: =G143^2 -> 0.83341025 | J143: R^2 Orde 1 | K143: =1-(K139/K141) -> 0.9998495
J144: R^2 Orde 2 | K144: =1-(K140/K142) -> 0.97785464
D163: Iron
A164: Time (min) | B164: Concentration (Ct1) | C164: Orde 1 (Ct2) | D164: Error 1 | E164: Error^2 1 | F164: Orde 2 (Ct3) | G164: Error 2 | H164: Error^2 2 | J164: Csat | K164: 8.59
A165: 0 | B165: 0 | C165: 0 | D165: 0 | E165: 0 | F165: 0 | G165: 0 | H165: 0 | J165: K1 | K165: 0.095611713
A166: 5 | B166: 1.89 | C166: =K164*(1-EXP(-K165*A166)) -> 3.2643212 | D166: =B166-C166 -> -1.3743212 | E166: =D166^2 -> 1.8887589 | F166: =(K166*A166*K164^2)/(1+K166*A166*K164) -> 3.6911746 | G166: =B166-F166 -> -1.8011746 | H166: =G166^2 -> 3.2442301 | J166: K2 | K166: 0.017543226
A167: 10 | B167: 3.39 | C167: =K164*(1-EXP(-K165*A167)) -> 5.2881543 | D167: =B167-C167 -> -1.8981543 | E167: =D167^2 -> 3.6029899 | F167: =(K166*A167*K164^2)/(1+K166*A167*K164) -> 5.1635436 | G167: =B167-F167 -> -1.7735436 | H167: =G167^2 -> 3.1454568 | J167: SSE Orde 1 | K167: =SUM(E165:E171) -> 10.053794
A168: 15 | B168: 7.99 | C168: =K164*(1-EXP(-K165*A168)) -> 6.5429023 | D168: =B168-C168 -> 1.4470977 | E168: =D168^2 -> 2.0940918 | F168: =(K166*A168*K164^2)/(1+K166*A168*K164) -> 5.9553901 | G168: =B168-F168 -> 2.0346099 | H168: =G168^2 -> 4.1396375 | J168: SSE Orde 2 | K168: =SUM(H165:H171) -> 162.20076
A169: 20 | B169: 8.59 | C169: =K164*(1-EXP(-K165*A169)) -> 7.3208283 | D169: =B169-C169 -> 1.2691717 | E169: =D169^2 -> 1.6107968 | F169: =(K166*A169*K164^2)/(1+K166*A169*K164) -> 6.4499507 | G169: =B169-F169 -> 2.1400493 | H169: =G169^2 -> 4.5798108 | J169: SST Orde 1 | K169: {=SUM((B165:B171-AVERAGE(B165:B171))^2)} -> 82.536943
A170: 25 | B170: 8.59 | C170: =K164*(1-EXP(-K165*A170)) -> 7.8031315 | D170: =B170-C170 -> 0.78686853 | E170: =D170^2 -> 0.61916208 | F170: =(K164*A170*K166^2)/(1+K164*A170*K166) -> 0.013863401 | G170: =B170-F170 -> 8.5761366 | H170: =G170^2 -> 73.550119 | J170: SST Orde 2 | K170: {=SUM((B165:B171-AVERAGE(B165:B171))^2)} -> 82.536943
A171: 30 | B171: 8.59 | C171: =K164*(1-EXP(-K165*A171)) -> 8.1021526 | D171: =B171-C171 -> 0.48784738 | E171: =D171^2 -> 0.23799507 | F171: =(K164*A171*K166^2)/(1+K164*A171*K166) -> 0.014365618 | G171: =B171-F171 -> 8.5756344 | H171: =G171^2 -> 73.541505 | J171: R^2 Orde 1 | K171: =1-(K167/K169) -> 0.87819037
J172: R^2 Orde 2 | K172: =1-(K168/K170) -> -0.96518981
D190: Titanium
A191: Time (min) | B191: Concentration (Ct1) | C191: Orde 1 (Ct2) | D191: Error 1 | E191: Error^2 1 | F191: Orde 2 (Ct3) | G191: Error 2 | H191: Error^2 2 | J191: Csat | K191: 0.1
A192: 0 | B192: 0 | C192: 0 | D192: 0 | E192: 0 | F192: 0 | G192: 0 | H192: 0 | J192: K1 | K192: 5368709.2
A193: 5 | B193: 0.1 | C193: =K191*(1-EXP(-K192*A193)) -> 0.1 | D193: =B193-C193 -> 0 | E193: =D193^2 -> 0 | F193: =(K193*A193*K191^2)/(1+K193*A193*K191) -> 0.011792745 | G193: =B193-F193 -> 0.088207255 | H193: =G193^2 -> 0.0077805198 | J193: K2 | K193: 0.26738719
A194: 10 | B194: 0.1 | C194: =K191*(1-EXP(-K192*A194)) -> 0.1 | D194: =B194-C194 -> 0 | E194: =D194^2 -> 0 | F194: =(K193*A194*K191^2)/(1+K193*A194*K191) -> 0.021097514 | G194: =B194-F194 -> 0.078902486 | H194: =G194^2 -> 0.0062256023 | J194: SSE Orde 1 | K194: =SUM(E192:E198) -> 0
A195: 15 | B195: 0.1 | C195: =K191*(1-EXP(-K192*A195)) -> 0.1 | D195: =B195-C195 -> 0 | E195: =D195^2 -> 0 | F195: =(K193*A195*K191^2)/(1+K193*A195*K191) -> 0.028626528 | G195: =B195-F195 -> 0.071373472 | H195: =G195^2 -> 0.0050941725 | J195: SSE Orde 2 | K195: =SUM(H192:H198) -> 0.019559424
A196: 20 | B196: 0.1 | C196: =K191*(1-EXP(-K192*A196)) -> 0.1 | D196: =B196-C196 -> 0 | E196: =D196^2 -> 0 | F196: =(K191*A196*K193^2)/(1+K193*A196*K191) -> 0.093167974 | G196: =B196-F196 -> 0.0068320261 | H196: =G196^2 -> 4.6676581e-05 | J196: SST Orde 1 | K196: {=SUM((B192:B198-AVERAGE(B192:B198))^2)} -> 0.0085714286
A197: 25 | B197: 0.1 | C197: =K191*(1-EXP(-K192*A197)) -> 0.1 | D197: =B197-C197 -> 0 | E197: =D197^2 -> 0 | F197: =(K191*A197*K193^2)/(1+K191*A197*K193) -> 0.10712808 | G197: =B197-F197 -> -0.007128082 | H197: =G197^2 -> 5.0809554e-05 | J197: SST Orde 2 | K197: {=SUM((B192:B198-AVERAGE(B192:B198))^2)} -> 0.0085714286
A198: 30 | B198: 0.1 | C198: =K191*(1-EXP(-K192*A198)) -> 0.1 | D198: =B198-C198 -> 0 | E198: =D198^2 -> 0 | F198: =(K191*A198*K193^2)/(1+K191*A198*K193) -> 0.11901693 | G198: =B198-F198 -> -0.019016925 | H198: =G198^2 -> 0.00036164345 | J198: R^2 Orde 1 | K198: =1-(K194/K196) -> 1
J199: R^2 Orde 2 | K199: =1-(K195/K197) -> -1.2819328
D217: Potassium
A218: Time (min) | B218: Concentration (Ct1) | C218: Orde 1 (Ct2) | D218: Error 1 | E218: Error^2 1 | F218: Orde 2 (Ct3) | G218: Error 2 | H218: Error^2 2 | J218: Csat | K218: =B225 -> 570.7
A219: 0 | B219: 0 | C219: 0 | D219: 0 | E219: 0 | F219: 0 | G219: 0 | H219: 0 | J219: K1 | K219: 0.31217327
A220: 5 | B220: 447.5 | C220: =K218*(1-EXP(-K219*A220)) -> 450.8792 | D220: =B220-C220 -> -3.3791951 | E220: =D220^2 -> 11.418959 | F220: =(K220*A220*K218^2)/(1+K220*A220*K218) -> 484.65477 | G220: =B220-F220 -> -37.154766 | H220: =G220^2 -> 1380.4767 | J220: K2 | K220: 0.001973912
A221: 10 | B221: 557 | C221: =K218*(1-EXP(-K219*A221)) -> 545.54313 | D221: =B221-C221 -> 11.456869 | E221: =D221^2 -> 131.25985 | F221: =(K220*A221*K218^2)/(1+K220*A221*K218) -> 524.16966 | G221: =B221-F221 -> 32.830339 | H221: =G221^2 -> 1077.8311 | J221: SSE Orde 1 | K221: =SUM(E219:E225) -> 410.40204
A222: 15 | B222: 558.2 | C222: =K218*(1-EXP(-K219*A222)) -> 565.41821 | D222: =B222-C222 -> -7.2182121 | E222: =D222^2 -> 52.102587 | F222: =(K220*A222*K218^2)/(1+K220*A222*K218) -> 538.81317 | G222: =B222-F222 -> 19.386825 | H222: =G222^2 -> 375.84899 | J222: SSE Orde 2 | K222: =SUM(H219:H225) -> 3348.7338
A223: 20 | B223: 559.5 | C223: =K218*(1-EXP(-K219*A223)) -> 569.59107 | D223: =B223-C223 -> -10.091067 | E223: =D223^2 -> 101.82963 | F223: =(K220*A223*K218^2)/(1+K220*A223*K218) -> 546.4461 | G223: =B223-F223 -> 13.053905 | H223: =G223^2 -> 170.40443 | J223: SST Orde 1 | K223: {=SUM((B219:B225-AVERAGE(B219:B225))^2)} -> 262770.51
A224: 25 | B224: 559.8 | C224: =K218*(1-EXP(-K219*A224)) -> 570.46717 | D224: =B224-C224 -> -10.667175 | E224: =D224^2 -> 113.78862 | F224: =(K220*A224*K218^2)/(1+K220*A224*K218) -> 551.13054 | G224: =B224-F224 -> 8.6694583 | H224: =G224^2 -> 75.159507 | J224: SST Orde 2 | K224: {=SUM((B219:B225-AVERAGE(B219:B225))^2)} -> 262770.51
A225: 30 | B225: 570.7 | C225: =K218*(1-EXP(-K219*A225)) -> 570.65112 | D225: =B225-C225 -> 0.04888257 | E225: =D225^2 -> 0.0023895057 | F225: =(K220*A225*K218^2)/(1+K220*A225*K218) -> 554.29838 | G225: =B225-F225 -> 16.401618 | H225: =G225^2 -> 269.01307 | J225: R^2 Orde 1 | K225: =1-(K221/K223) -> 0.99843817
J226: R^2 Orde 2 | K226: =1-(K222/K224) -> 0.98725605
D242: Alumunium
A243: Time (min) | B243: Concentration (Ct1) | C243: Orde 1 (Ct2) | D243: Error 1 | E243: Error^2 1 | F243: Orde 2 (Ct3) | G243: Error 2 | H243: Error^2 2 | J243: Csat | K243: 1.6
A244: 0 | B244: 0 | C244: 0 | D244: =B244-C244 -> 0 | E244: =D244^2 -> 0 | F244: 0 | G244: =B244-F244 -> 0 | H244: =G244^2 -> 0 | J244: K1 | K244: 0.12504827
A245: 5 | B245: 0.9 | C245: =K243*(1-EXP(-K244*A245)) -> 0.74378839 | D245: =B245-C245 -> 0.15621161 | E245: =D245^2 -> 0.024402068 | F245: =(K245*A245*K243^2)/(1+K245*A245*K243) -> 0.93824175 | G245: =B245-F245 -> -0.038241749 | H245: =G245^2 -> 0.0014624314 | J245: K2 | K245: 0.17722517
A246: 10 | B246: 1.2 | C246: =K243*(1-EXP(-K244*A246)) -> 1.1418135 | D246: =B246-C246 -> 0.058186453 | E246: =D246^2 -> 0.0033856633 | F246: =(K245*A246*K243^2)/(1+K245*A246*K243) -> 1.1828557 | G246: =B246-F246 -> 0.017144349 | H246: =G246^2 -> 0.0002939287 | J246: SSE ORDE 1 | K246: =SUM(E244:E250) -> 0.07474205
A247: 15 | B247: 1.2 | C247: =K243*(1-EXP(-K244*A247)) -> 1.3548096 | D247: =B247-C247 -> -0.15480965 | E247: =D247^2 -> 0.023966028 | F247: =(K245*A247*K243^2)/(1+K245*A247*K243) -> 1.2954356 | G247: =B247-F247 -> -0.095435574 | H247: =G247^2 -> 0.0091079488 | J247: SSE ORDE 2 | K247: =SUM(H244:H250) -> 0.040781154
A248: 20 | B248: 1.4 | C248: =K243*(1-EXP(-K244*A248)) -> 1.4687907 | D248: =B248-C248 -> -0.068790734 | E248: =D248^2 -> 0.0047321651 | F248: =(K245*A248*K243^2)/(1+K245*A248*K243) -> 1.3601633 | G248: =B248-F248 -> 0.039836715 | H248: =G248^2 -> 0.0015869639 | J248: SST ORDE 1 | K248: {=SUM((B244:B250-AVERAGE(B244:B250))^2)} -> 1.7
A249: 25 | B249: 1.4 | C249: =K243*(1-EXP(-K244*A249)) -> 1.5297857 | D249: =B249-C249 -> -0.12978569 | E249: =D249^2 -> 0.016844325 | F249: =(K245*A249*K243^2)/(1+K245*A249*K243) -> 1.4022007 | G249: =B249-F249 -> -0.0022006857 | H249: =G249^2 -> 4.8430174e-06 | J249: SST ORDE 2 | K249: {=SUM((B244:B250-AVERAGE(B244:B250))^2)} -> 1.7
A250: 30 | B250: 1.6 | C250: =K243*(1-EXP(-K244*A250)) -> 1.5624261 | D250: =B250-C250 -> 0.037573943 | E250: =D250^2 -> 0.0014118012 | F250: =(K245*A250*K243^2)/(1+K245*A250*K243) -> 1.4316996 | G250: =B250-F250 -> 0.16830044 | H250: =G250^2 -> 0.028325038 | J250: R^2 ORDE 1 | K250: =1-(K246/K248) -> 0.95603409
J251: R^2 ORDE 2 | K251: =1-(K247/K249) -> 0.97601109
...

Sheet Hasil EFB 2mm
D1: Calcium
A2: Time (min) | B2: Concentration EFB 2 mm (Ct1) | C2: Orde 1 (Ct2) | D2: Error 1 | E2: Error^2 1 | F2: Orde 2 (Ct3) | G2: Error 2 | H2: Error^2 2 | J2: Csat | K2: 121.9
A3: 0 | B3: 0 | C3: 0 | D3: 0 | E3: 0 | F3: 0 | G3: 0 | H3: 0 | J3: K1 | K3: 0.56885347
A4: 5 | B4: 115.5 | C4: =K2*(1-EXP(-K3*A4)) -> 114.80824 | D4: =B4-C4 -> 0.69176092 | E4: =D4^2 -> 0.47853317 | F4: =(K4*A4*K2^2)/(1+K4*A4*K2) -> 114.90159 | G4: =B4-F4 -> 0.59840959 | H4: =G4^2 -> 0.35809403 | J4: K2 | K4: 0.026937232
A5: 10 | B5: 115.7 | C5: =K2*(1-EXP(-K3*A5)) -> 121.48742 | D5: =B5-C5 -> -5.7874235 | E5: =D5^2 -> 33.494271 | F5: =(K4*A5*K2^2)/(1+K4*A5*K2) -> 118.29738 | G5: =B5-F5 -> -2.5973801 | H5: =G5^2 -> 6.7463832 | J5: SSE Orde 1 | K5: =SUM(E3:E9) -> 39.756978
A6: 15 | B6: 120.2 | C6: =K2*(1-EXP(-K3*A6)) -> 121.876 | D6: =B6-C6 -> -1.6759976 | E6: =D6^2 -> 2.8089679 | F6: =(K4*A6*K2^2)/(1+K4*A6*K2) -> 119.47436 | G6: =B6-F6 -> 0.72564235 | H6: =G6^2 -> 0.52655681 | J6: SSE Orde 2 | K6: =SUM(H3:H9) -> 10.510184
A7: 20 | B7: 120.2 | C7: =K2*(1-EXP(-K3*A7)) -> 121.8986 | D7: =B7-C7 -> -1.6986036 | E7: =D7^2 -> 2.8852542 | F7: =(K4*A7*K2^2)/(1+K4*A7*K2) -> 120.07167 | G7: =B7-F7 -> 0.12832706 | H7: =G7^2 -> 0.016467834 | J7: SST Orde 1 | K7: {=SUM((Table3[Concentration EFB 2 mm (Ct1)]-AVERAGE(Table3[Concentration EFB 2 mm (Ct1)]))^2)} -> 12216.417
A8: 25 | B8: 121.6 | C8: =K2*(1-EXP(-K3*A8)) -> 121.89992 | D8: =B8-C8 -> -0.29991876 | E8: =D8^2 -> 0.089951264 | F8: =(K4*A8*K2^2)/(1+K4*A8*K2) -> 120.43294 | G8: =B8-F8 -> 1.1670624 | H8: =G8^2 -> 1.3620347 | J8: SST Orde 2 | K8: {=SUM((Table3[Concentration EFB 2 mm (Ct1)]-AVERAGE(Table3[Concentration EFB 2 mm (Ct1)]))^2)} -> 12216.417
A9: 30 | B9: 121.9 | C9: =K2*(1-EXP(-K3*A9)) -> 121.9 | D9: =B9-C9 -> 4.7261335e-06 | E9: =D9^2 -> 2.2336338e-11 | F9: =(K4*A9*K2^2)/(1+K4*A9*K2) -> 120.67499 | G9: =B9-F9 -> 1.2250092 | H9: =G9^2 -> 1.5006475 | J9: R^2 Orde 1 | K9: =1-(K5/K7) -> 0.99674561
J10: R^2 Orde 2 | K10: =1-(K6/K8) -> 0.99913967
D28: Sulfur
A29: Time (min) | B29: Concentration (Ct1) | C29: Orde 1 (Ct2) | D29: Error 1 | E29: Error^2 1 | F29: Orde 2 (Ct3) | G29: Error 2 | H29: Error^2 2 | J29: Csat | K29: 8.7
A30: 0 | B30: 0 | C30: 0 | D30: 0 | E30: 0 | F30: 0 | G30: 0 | H30: 0 | J30: K1 | K30: 7.0598493
A31: 5 | B31: 8 | C31: =K29*(1-EXP(-K30*A31)) -> 8.7 | D31: =B31-C31 -> -0.7 | E31: =D31^2 -> 0.49 | F31: =(K31*A31*K29^2)/(1+K31*A31*K29) -> 7.9756222 | G31: =B31-F31 -> 0.024377797 | H31: =G31^2 -> 0.00059427699 | J31: K2 | K31: 0.25311051
A32: 10 | B32: 8.2 | C32: =K29*(1-EXP(-K30*A32)) -> 8.7 | D32: =B32-C32 -> -0.5 | E32: =D32^2 -> 0.25 | F32: =(K31*A32*K29^2)/(1+K31*A32*K29) -> 8.3220779 | G32: =B32-F32 -> -0.12207786 | H32: =G32^2 -> 0.014903004 | J32: SSE Orde 1 | K32: =SUM(E30:E36) -> 0.87
A33: 15 | B33: 8.4 | C33: =K29*(1-EXP(-K30*A33)) -> 8.7 | D33: =B33-C33 -> -0.3 | E33: =D33^2 -> 0.09 | F33: =(K31*A33*K29^2)/(1+K31*A33*K29) -> 8.4443502 | G33: =B33-F33 -> -0.044350154 | H33: =G33^2 -> 0.0019669362 | J33: SSE Orde 2 | K33: =SUM(H30:H36) -> 0.058432663
A34: 20 | B34: 8.5 | C34: =K29*(1-EXP(-K30*A34)) -> 8.7 | D34: =B34-C34 -> -0.2 | E34: =D34^2 -> 0.04 | F34: =(K31*A34*K29^2)/(1+K31*A34*K29) -> 8.5068436 | G34: =B34-F34 -> -0.0068436387 | H34: =G34^2 -> 4.6835391e-05 | J34: SST Orde 1 | K34: {=SUM((B30:B36-AVERAGE(B30:B36))^2)} -> 61.108571
A35: 25 | B35: 8.7 | C35: =K29*(1-EXP(-K30*A35)) -> 8.7 | D35: =B35-C35 -> 0 | E35: =D35^2 -> 0 | F35: =(K31*A35*K29^2)/(1+K31*A35*K29) -> 8.5447857 | G35: =B35-F35 -> 0.1552143 | H35: =G35^2 -> 0.024091479 | J35: SST Orde 2 | K35: {=SUM((B30:B36-AVERAGE(B30:B36))^2)} -> 61.108571
A36: 30 | B36: 8.7 | C36: =K29*(1-EXP(-K30*A36)) -> 8.7 | D36: =B36-C36 -> 0 | E36: =D36^2 -> 0 | F36: =(K31*A36*K29^2)/(1+K31*A36*K29) -> 8.570269 | G36: =B36-F36 -> 0.129731 | H36: =G36^2 -> 0.016830132 | J36: R^2 Orde 1 | K36: =1-(K32/K34) -> 0.98576304
J37: R^2 Orde 2 | K37: =1-(K33/K35) -> 0.99904379
D55: Magnesium
A56: Time (t) | B56: Concentration (Ct1) | C56: Orde 1 (Ct2) | D56: Error 1 | E56: Error^2 1 | F56: Orde 2 (Ct3) | G56: Error 2 | H56: Error^2 2 | J56: Csat | K56: 76.7
A57: 0 | B57: 0 | C57: 0 | D57: 0 | E57: 0 | F57: 0 | G57: 0 | H57: 0 | J57: K1 | K57: 5.7725385
A58: 5 | B58: 66.9 | C58: =K56*(1-EXP(-K57*A58)) -> 76.7 | D58: =B58-C58 -> -9.8 | E58: =D58^2 -> 96.04 | F58: =(K58*A58*K56^2)/(1+K58*A58*K56) -> 63.509264 | G58: =B58-F58 -> 3.3907356 | H58: =G58^2 -> 11.497088 | J58: K2 | K58: 0.012554595
A59: 10 | B59: 67.7 | C59: =K56*(1-EXP(-K57*A59)) -> 76.7 | D59: =B59-C59 -> -9 | E59: =D59^2 -> 81 | F59: =(K58*A59*K56^2)/(1+K58*A59*K56) -> 69.484147 | G59: =B59-F59 -> -1.7841472 | H59: =G59^2 -> 3.1831811 | J59: SSE Orde 1 | K59: =SUM(E57:E63) -> 317.85
A60: 15 | B60: 69.3 | C60: =K56*(1-EXP(-K57*A60)) -> 76.7 | D60: =B60-C60 -> -7.4 | E60: =D60^2 -> 54.76 | F60: =(K58*A60*K56^2)/(1+K58*A60*K56) -> 71.73369 | G60: =B60-F60 -> -2.4336898 | H60: =G60^2 -> 5.9228458 | J60: SSE Orde 2 | K60: =SUM(H57:H63) -> 46.751356
A61: 20 | B61: 69.8 | C61: =K56*(1-EXP(-K57*A61)) -> 76.7 | D61: =B61-C61 -> -6.9 | E61: =D61^2 -> 47.61 | F61: =(K58*A61*K56^2)/(1+K58*A61*K56) -> 72.913981 | G61: =B61-F61 -> -3.1139813 | H61: =G61^2 -> 9.6968797 | J61: SST Orde 1 | K61: {=SUM((B57:B63-AVERAGE(B57:B63))^2)} -> 4278.4543
A62: 25 | B62: 70.5 | C62: =K56*(1-EXP(-K57*A62)) -> 76.7 | D62: =B62-C62 -> -6.2 | E62: =D62^2 -> 38.44 | F62: =(K58*A62*K56^2)/(1+K58*A62*K56) -> 73.640986 | G62: =B62-F62 -> -3.1409856 | H62: =G62^2 -> 9.8657906 | J62: SST Orde 2 | K62: {=SUM((B57:B63-AVERAGE(B57:B63))^2)} -> 4278.4543
A63: 30 | B63: 76.7 | C63: =K56*(1-EXP(-K57*A63)) -> 76.7 | D63: =B63-C63 -> 0 | E63: =D63^2 -> 0 | F63: =(K58*A63*K56^2)/(1+K58*A63*K56) -> 74.133763 | G63: =B63-F63 -> 2.5662368 | H63: =G63^2 -> 6.5855713 | J63: R^2 Orde 1 | K63: =1-(K59/K61) -> 0.92570915
J64: R^2 Orde 2 | K64: =1-(K60/K62) -> 0.98907284
D82: Silicon
A83: Time (min) | B83: Concentration (Ct1) | C83: Orde 1 (Ct2) | D83: Error 1 | E83: Error^2 1 | F83: Orde 2 (Ct3) | G83: Error 2 | H83: Error^2 2 | J83: Csat | K83: 5.6
A84: 0 | B84: 0 | C84: 0 | D84: 0 | E84: 0 | F84: 0 | G84: 0 | H84: 0 | J84: K1 | K84: 6.3002856
A85: 5 | B85: 4.7 | C85: =K83*(1-EXP(-K84*A85)) -> 5.6 | D85: =B85-C85 -> -0.9 | E85: =D85^2 -> 0.81 | F85: =(K85*A85*K83^2)/(1+K85*A85*K83) -> 4.684323 | G85: =B85-F85 -> 0.015677048 | H85: =G85^2 -> 0.00024576982 | J85: K2 | K85: 0.18270333
A86: 10 | B86: 5 | C86: =K83*(1-EXP(-K84*A86)) -> 5.6 | D86: =B86-C86 -> -0.6 | E86: =D86^2 -> 0.36 | F86: =(K85*A86*K83^2)/(1+K85*A86*K83) -> 5.1013973 | G86: =B86-F86 -> -0.10139727 | H86: =G86^2 -> 0.010281407 | J86: SSE Orde 1 | K86: =SUM(E84:E90) -> 1.44
A87: 25 | B87: 5.1 | C87: =K83*(1-EXP(-K84*A87)) -> 5.6 | D87: =B87-C87 -> -0.5 | E87: =D87^2 -> 0.25 | F87: =(K85*A87*K83^2)/(1+K85*A87*K83) -> 5.3893031 | G87: =B87-F87 -> -0.28930312 | H87: =G87^2 -> 0.083696295 | J87: SSE Orde 2 | K87: =SUM(H84:H90) -> 0.16359041
A88: 20 | B88: 5.5 | C88: =K83*(1-EXP(-K84*A88)) -> 5.6 | D88: =B88-C88 -> -0.1 | E88: =D88^2 -> 0.01 | F88: =(K85*A88*K83^2)/(1+K85*A88*K83) -> 5.3390831 | G88: =B88-F88 -> 0.16091689 | H88: =G88^2 -> 0.025894245 | J88: SST Orde 1 | K88: {=SUM((B84:B90-AVERAGE(B84:B90))^2)} -> 24.108571
A89: 25 | B89: 5.5 | C89: =K83*(1-EXP(-K84*A89)) -> 5.6 | D89: =B89-C89 -> -0.1 | E89: =D89^2 -> 0.01 | F89: =(K85*A89*K83^2)/(1+K85*A89*K83) -> 5.3893031 | G89: =B89-F89 -> 0.11069688 | H89: =G89^2 -> 0.012253799 | J89: SST Orde 2 | K89: {=SUM((B84:B90-AVERAGE(B84:B90))^2)} -> 24.108571
A90: 30 | B90: 5.6 | C90: =K83*(1-EXP(-K84*A90)) -> 5.6 | D90: =B90-C90 -> 0 | E90: =D90^2 -> 0 | F90: =(K85*A90*K83^2)/(1+K85*A90*K83) -> 5.4233113 | G90: =B90-F90 -> 0.1766887 | H90: =G90^2 -> 0.031218898 | J90: R^2 Orde 1 | K90: =1-(K86/K88) -> 0.94027021
J91: R^2 Orde 2 | K91: =1-(K87/K89) -> 0.99321443
D109: Sodium
A111: Time (min) | B111: Concentration (Ct1) | C111: Orde 1 (Ct2) | D111: Error 1 | E111: Error^2 1 | F111: Orde 2( Ct3) | G111: Error 2 | H111: Error^2 2 | J111: Csat | K111: 17.2
A112: 0 | B112: 0 | C112: 0 | D112: 0 | E112: 0 | F112: 0 | G112: 0 | H112: 0 | J112: K1 | K112: 0.30714022
A113: 5 | B113: 14.2 | C113: =K111*(1-EXP(-K112*A113)) -> 13.496759 | D113: =B113-C113 -> 0.70324073 | E113: =D113^2 -> 0.49454752 | F113: =(K113*A113*K111^2)/(1+K113*A113*K111) -> 14.200071 | G113: =B113-F113 -> -7.0657852e-05 | H113: =G113^2 -> 4.9925321e-09 | J113: K2 | K113: 0.05504033
A114: 10 | B114: 15.2 | C114: =K111*(1-EXP(-K112*A114)) -> 16.402675 | D114: =B114-C114 -> -1.2026749 | E114: =D114^2 -> 1.4464269 | F114: =(K113*A114*K111^2)/(1+K113*A114*K111) -> 15.55673 | G114: =B114-F114 -> -0.3567303 | H114: =G114^2 -> 0.12725651 | J114: SSE Orde 1 | K114: =SUM(E112:E118) -> 4.1285599
A115: 15 | B115: 16 | C115: =K111*(1-EXP(-K112*A115)) -> 17.028332 | D115: =B115-C115 -> -1.0283322 | E115: =D115^2 -> 1.057467 | F115: =(K113*A115*K111^2)/(1+K113*A115*K111) -> 16.068451 | G115: =B115-F115 -> -0.068451211 | H115: =G115^2 -> 0.0046855683 | J115: SSE Orde 2 | K115: =SUM(H112:H118) -> 1.0166237
A116: 20 | B116: 16.1 | C116: =K111*(1-EXP(-K112*A116)) -> 17.163039 | D116: =B116-C116 -> -1.0630391 | E116: =D116^2 -> 1.1300521 | F116: =(K113*A116*K111^2)/(1+K113*A116*K111) -> 16.337147 | G116: =B116-F116 -> -0.23714713 | H116: =G116^2 -> 0.05623876 | J116: SST Orde 1 | K116: {=SUM((B112:B118-AVERAGE(B112:B118))^2)} -> 225.74
A117: 25 | B117: 17.2 | C117: =K111*(1-EXP(-K112*A117)) -> 17.192042 | D117: =B117-C117 -> 0.0079578533 | E117: =D117^2 -> 6.332743e-05 | F117: =(K113*A117*K111^2)/(1+K113*A117*K111) -> 16.502722 | G117: =B117-F117 -> 0.69727821 | H117: =G117^2 -> 0.4861969 | J117: SST Orde 2 | K117: {=SUM((B112:B118-AVERAGE(B112:B118))^2)} -> 225.74
A118: 30 | B118: 17.2 | C118: =K111*(1-EXP(-K112*A118)) -> 17.198287 | D118: =B118-C118 -> 0.0017133632 | E118: =D118^2 -> 2.9356134e-06 | F118: =(K113*A118*K111^2)/(1+K113*A118*K111) -> 16.614982 | G118: =B118-F118 -> 0.58501789 | H118: =G118^2 -> 0.34224593 | J118: R^2 Orde 1 | K118: =1-(K114/K116) -> 0.981711
J119: R^2 Orde 2 | K119: =1-(K115/K117) -> 0.99549648
D137: Fosfor
A138: Time (min) | B138: Concentration (Ct1) | C138: Orde 1 (Ct2) | D138: Error 1 | E138: Error^2 1 | F138: Orde 2 (Ct3) | G138: Error 2 | H138: Error^2 2 | J138: Csat | K138: 23.9
A139: 0 | B139: 0 | C139: 0 | D139: 0 | E139: 0 | F139: 0 | G139: 0 | H139: 0 | J139: K1 | K139: 0.31200172
A140: 5 | B140: 20.1 | C140: =K138*(1-EXP(-K139*A140)) -> 18.877791 | D140: =B140-C140 -> 1.2222089 | E140: =D140^2 -> 1.4937945 | F140: =(K140*A140*K138^2)/(1+K140*A140*K138) -> 19.139478 | G140: =B140-F140 -> 0.96052158 | H140: =G140^2 -> 0.92260171 | J140: K2 | K140: 0.033644002
A141: 10 | B141: 21 | C141: =K138*(1-EXP(-K139*A141)) -> 22.844662 | D141: =B141-C141 -> -1.8446618 | E141: =D141^2 -> 3.4027773 | F141: =(K140*A141*K138^2)/(1+K140*A141*K138) -> 21.256463 | G141: =B141-F141 -> -0.25646272 | H141: =G141^2 -> 0.065773126 | J141: SSE Orde 1 | K141: =SUM(E139:E145) -> 21.47625
A142: 15 | B142: 21.2 | C142: =K138*(1-EXP(-K139*A142)) -> 23.678237 | D142: =B142-C142 -> -2.4782373 | E142: =D142^2 -> 6.1416601 | F142: =(K140*A142*K138^2)/(1+K140*A142*K138) -> 22.070177 | G142: =B142-F142 -> -0.87017731 | H142: =G142^2 -> 0.75720856 | J142: SSE Orde 2 | K142: =SUM(H139:H145) -> 4.9349659
A143: 20 | B143: 21.1 | C143: =K138*(1-EXP(-K139*A143)) -> 23.8534 | D143: =B143-C143 -> -2.7534001 | E143: =D143^2 -> 7.5812119 | F143: =(K140*A143*K138^2)/(1+K140*A143*K138) -> 22.500853 | G143: =B143-F143 -> -1.4008527 | H143: =G143^2 -> 1.9623884 | J143: SST Orde 1 | K143: {=SUM((B139:B145-AVERAGE(B139:B145))^2)} -> 407.96
A144: 25 | B144: 22.2 | C144: =K138*(1-EXP(-K139*A144)) -> 23.890208 | D144: =B144-C144 -> -1.6902078 | E144: =D144^2 -> 2.8568023 | F144: =(K140*A144*K138^2)/(1+K140*A144*K138) -> 22.767422 | G144: =B144-F144 -> -0.56742157 | H144: =G144^2 -> 0.32196724 | J144: SST Orde 2 | K144: {=SUM((B139:B145-AVERAGE(B139:B145))^2)} -> 407.96
A145: 30 | B145: 23.9 | C145: =K138*(1-EXP(-K139*A145)) -> 23.897942 | D145: =B145-C145 -> 0.0020576861 | E145: =D145^2 -> 4.2340721e-06 | F145: =(K140*A145*K138^2)/(1+K140*A145*K138) -> 22.948671 | G145: =B145-F145 -> 0.95132899 | H145: =G145^2 -> 0.90502684 | J145: R^2 Orde 1 | K145: =1-(K141/K143) -> 0.94735697
J146: R^2 Orde 2 | K146: =1-(K142/K144) -> 0.98790331
D164: Iron
A165: Time (min) | B165: Concentration (Ct1) | C165: Orde 1 (Ct2) | D165: Error 1 | E165: Error^2 1 | F165: Orde 2 (Ct3) | G165: Error 2 | H165: Error^2 2 | J165: Csat | K165: 8.59
A166: 0 | B166: 0 | C166: 0 | D166: 0 | E166: 0 | F166: 0 | G166: 0 | H166: 0 | J166: K1 | K166: 0.21741957
A167: 5 | B167: 6.49 | C167: =K165*(1-EXP(-K166*A167)) -> 5.6935065 | D167: =B167-C167 -> 0.79649353 | E167: =D167^2 -> 0.63440194 | F167: =(K167*A167*K165^2)/(1+K167*A167*K165) -> 6.3324908 | G167: =B167-F167 -> 0.15750917 | H167: =G167^2 -> 0.024809139 | J167: K2 | K167: 0.06531033
A168: 10 | B168: 6.89 | C168: =K165*(1-EXP(-K166*A168)) -> 7.6133208 | D168: =B168-C168 -> -0.72332075 | E168: =D168^2 -> 0.52319291 | F168: =(K167*A168*K165^2)/(1+K167*A168*K165) -> 7.2904848 | G168: =B168-F168 -> -0.40048479 | H168: =G168^2 -> 0.16038807 | J168: SSE Orde 1 | K168: =SUM(E166:E172) -> 2.2929189
A169: 15 | B169: 7.79 | C169: =K165*(1-EXP(-K166*A169)) -> 8.26067 | D169: =B169-C169 -> -0.47066995 | E169: =D169^2 -> 0.2215302 | F169: =(K167*A169*K165^2)/(1+K167*A169*K165) -> 7.677649 | G169: =B169-F169 -> 0.112351 | H169: =G169^2 -> 0.012622747 | J169: SSE Orde 2 | K169: =SUM(H166:H172) -> 0.45579639
A170: 20 | B170: 7.79 | C170: =K165*(1-EXP(-K166*A170)) -> 8.478952 | D170: =B170-C170 -> -0.688952 | E170: =D170^2 -> 0.47465485 | F170: =(K167*A170*K165^2)/(1+K167*A170*K165) -> 7.8870721 | G170: =B170-F170 -> -0.097072112 | H170: =G170^2 -> 0.0094229948 | J170: SST Orde 1 | K170: {=SUM((B166:B172-AVERAGE(B166:B172))^2)} -> 52.030086
A171: 25 | B171: 7.89 | C171: =K165*(1-EXP(-K166*A171)) -> 8.5525553 | D171: =B171-C171 -> -0.66255532 | E171: =D171^2 -> 0.43897955 | F171: =(K167*A171*K165^2)/(1+K167*A171*K165) -> 8.0183012 | G171: =B171-F171 -> -0.12830116 | H171: =G171^2 -> 0.016461187 | J171: SST Orde 2 | K171: {=SUM((B166:B172-AVERAGE(B166:B172))^2)} -> 52.030086
A172: 30 | B172: 8.59 | C172: =K165*(1-EXP(-K166*A172)) -> 8.5773739 | D172: =B172-C172 -> 0.01262611 | E172: =D172^2 -> 0.00015941864 | F172: =(K167*A172*K165^2)/(1+K167*A172*K165) -> 8.1082405 | G172: =B172-F172 -> 0.48175954 | H172: =G172^2 -> 0.23209225 | J172: R^2 Orde 1 | K172: =1-(K168/K170) -> 0.9559309
J173: R^2 Orde 2 | K173: =1-(K169/K171) -> 0.99123975
D191: Titanium
A192: Time (min) | B192: Concenctration (Ct1) | C192: Orde 1 (Ct2) | D192: Error 1 | E192: Error^2 1 | F192: Orde 2 (Ct3) | G192: Error 2 | H192: Error^2 2 | J192: Csat | K192: 0.1
A193: 0 | B193: 0 | C193: 0 | D193: 0 | E193: 0 | F193: 0 | G193: 0 | H193: 0 | J193: K1 | K193: 5368709.2
A194: 5 | B194: 0.1 | C194: =K192*(1-EXP(-K193*A194)) -> 0.1 | D194: =B194-C194 -> 0 | E194: =D194^2 -> 0 | F194: =(K194*A194*K192^2)/(1+K194*A194*K192) -> 0.099999963 | G194: =B194-F194 -> 3.7252888e-08 | H194: =G194^2 -> 1.3877777e-15 | J194: K2 | K194: 5368709.2
A195: 10 | B195: 0.1 | C195: =K192*(1-EXP(-K193*A195)) -> 0.1 | D195: =B195-C195 -> 0 | E195: =D195^2 -> 0 | F195: =(K194*A195*K192^2)/(1+K194*A195*K192) -> 0.099999981 | G195: =B195-F195 -> 1.8626448e-08 | H195: =G195^2 -> 3.4694455e-16 | J195: SSE Orde 1 | K195: =SUM(E193:E199) -> 0
A196: 15 | B196: 0.1 | C196: =K192*(1-EXP(-K193*A196)) -> 0.1 | D196: =B196-C196 -> 0 | E196: =D196^2 -> 0 | F196: =(K194*A196*K192^2)/(1+K194*A196*K192) -> 0.099999988 | G196: =B196-F196 -> 1.2417633e-08 | H196: =G196^2 -> 1.541976e-16 | J196: SSE Orde 2 | K196: =SUM(H193:H199) -> 2.0697165e-15
A197: 20 | B197: 0.1 | C197: =K192*(1-EXP(-K193*A197)) -> 0.1 | D197: =B197-C197 -> 0 | E197: =D197^2 -> 0 | F197: =(K194*A197*K192^2)/(1+K194*A197*K192) -> 0.099999991 | G197: =B197-F197 -> 9.3132247e-09 | H197: =G197^2 -> 8.6736154e-17 | J197: SST Orde 1 | K197: {=SUM((B193:B199-AVERAGE(B193:B199))^2)} -> 0.0085714286
A198: 25 | B198: 0.1 | C198: =K192*(1-EXP(-K193*A198)) -> 0.1 | D198: =B198-C198 -> 0 | E198: =D198^2 -> 0 | F198: =(K194*A198*K192^2)/(1+K194*A198*K192) -> 0.099999993 | G198: =B198-F198 -> 7.4505799e-09 | H198: =G198^2 -> 5.5511141e-17 | J198: SST Orde 2 | K198: {=SUM((B193:B199-AVERAGE(B193:B199))^2)} -> 0.0085714286
A199: 30 | B199: 0.1 | C199: =K192*(1-EXP(-K193*A199)) -> 0.1 | D199: =B199-C199 -> 0 | E199: =D199^2 -> 0 | F199: =(K194*A199*K192^2)/(1+K194*A199*K192) -> 0.099999994 | G199: =B199-F199 -> 6.2088167e-09 | H199: =G199^2 -> 3.8549404e-17 | J199: R^2 Orde 1 | K199: =1-(K195/K197) -> 1
J200: R^2 Orde 2 | K200: =1-(K196/K198) -> 1
D218: Potassium
A219: Time (min) | B219: Concentration (Ct1) | C219: Orde 1 (Ct1) | D219: Error 1 | E219: Error^2 1 | F219: Orde 2 (Ct3) | G219: Error 2 | H219: Error^2 2 | J219: Csat | K219: 624.5
A220: 0 | B220: 0 | C220: 0 | D220: =B220-C220 -> 0 | E220: =D220^2 -> 0 | F220: 0 | G220: =B220-F220 -> 0 | H220: =G220^2 -> 0 | J220: K1 | K220: 0.53113476
A221: 5 | B221: 585.1 | C221: =K219*(1-EXP(-K220*A221)) -> 580.62795 | D221: =B221-C221 -> 4.4720547 | E221: =D221^2 -> 19.999274 | F221: =(K221*A221*K219^2)/(1+K221*A221*K219) -> 573.56293 | G221: =B221-F221 -> 11.537069 | H221: =G221^2 -> 133.10396 | J221: K2 | K221: 0.0036061574
A222: 10 | B222: 592.7 | C222: =K219*(1-EXP(-K220*A222)) -> 621.41792 | D222: =B222-C222 -> -28.717923 | E222: =D222^2 -> 824.71909 | F222: =(K221*A222*K219^2)/(1+K221*A222*K219) -> 597.94864 | G222: =B222-F222 -> -5.2486404 | H222: =G222^2 -> 27.548226 | J222: SSE ORDE 1 | K222: =SUM(E220:E226) -> 2943.0769
A223: 15 | B223: 597.9 | C223: =K219*(1-EXP(-K220*A223)) -> 624.28348 | D223: =B223-C223 -> -26.383479 | E223: =D223^2 -> 696.08799 | F223: =(K221*A223*K219^2)/(1+K221*A223*K219) -> 606.54463 | G223: =B223-F223 -> -8.644629 | H223: =G223^2 -> 74.72961 | J223: SSE ORDE 2 | K223: =SUM(H220:H226) -> 730.13529
A224: 20 | B224: 592.7 | C224: =K219*(1-EXP(-K220*A224)) -> 624.48479 | D224: =B224-C224 -> -31.784789 | E224: =D224^2 -> 1010.2728 | F224: =(K221*A224*K219^2)/(1+K221*A224*K219) -> 610.93597 | G224: =B224-F224 -> -18.235975 | H224: =G224^2 -> 332.55078 | J224: SST ORDE 1 | K224: {=SUM((B220:B226-AVERAGE(B220:B226))^2)} -> 309114.52
A225: 25 | B225: 604.7 | C225: =K219*(1-EXP(-K220*A225)) -> 624.49893 | D225: =B225-C225 -> -19.798931 | E225: =D225^2 -> 391.99769 | F225: =(K221*A225*K219^2)/(1+K221*A225*K219) -> 613.60144 | G225: =B225-F225 -> -8.901437 | H225: =G225^2 -> 79.23558 | J225: SST ORDE 2 | K225: {=SUM((B220:B226-AVERAGE(B220:B226))^2)} -> 309114.52
A226: 30 | B226: 624.5 | C226: =K219*(1-EXP(-K220*A226)) -> 624.49992 | D226: =B226-C226 -> 7.5069865e-05 | E226: =D226^2 -> 5.6354847e-09 | F226: =(K221*A226*K219^2)/(1+K221*A226*K219) -> 615.39137 | G226: =B226-F226 -> 9.1086293 | H226: =G226^2 -> 82.967128 | J226: R^2 ORDE 1 | K226: =1-(K222/K224) -> 0.99047901
J227: R^2 ORDE 2 | K227: =1-(K223/K225) -> 0.99763798
D244: Alumunium
A245: Time (min) | B245: Concentration (Ct1) | C245: Orde 1 (Ct2) | D245: Error 1 | E245: Error^2 1 | F245: Orde 2 (Ct3) | G245: Error 2 | H245: Error^2 2 | J245: Csat | K245: 0.8
A246: 0 | B246: 0 | C246: 0 | D246: =B246-C246 -> 0 | E246: =D246^2 -> 0 | F246: 0 | G246: =B246-F246 -> 0 | H246: =G246^2 -> 0 | J246: K1 | K246: 0.19200499
A247: 5 | B247: 0.5 | C247: =K245*(1-EXP(-K246*A247)) -> 0.49369334 | D247: =B247-C247 -> 0.0063066589 | E247: =D247^2 -> 3.9773946e-05 | F247: =(K247*A247*K245^2)/(1+K247*A247*K245) -> 0.57675421 | G247: =B247-F247 -> -0.076754213 | H247: =G247^2 -> 0.0058912091 | J247: K2 | K247: 0.64587357
A248: 10 | B248: 0.7 | C248: =K245*(1-EXP(-K246*A248)) -> 0.68272029 | D248: =B248-C248 -> 0.017279712 | E248: =D248^2 -> 0.00029858843 | F248: =(K247*A248*K245^2)/(1+K247*A248*K245) -> 0.67027704 | G248: =B248-F248 -> 0.029722959 | H248: =G248^2 -> 0.00088345428 | J248: SSE ORDE 1 | K248: =SUM(E246:E252) -> 0.0037191759
A249: 15 | B249: 0.7 | C249: =K245*(1-EXP(-K246*A249)) -> 0.75509555 | D249: =B249-C249 -> -0.055095554 | E249: =D249^2 -> 0.0030355201 | F249: =(K247*A249*K245^2)/(1+K247*A249*K245) -> 0.70857647 | G249: =B249-F249 -> -0.0085764731 | H249: =G249^2 -> 7.3555891e-05 | J249: SSE ORDE 2 | K249: =SUM(H246:H252) -> 0.017485004
A250: 20 | B250: 0.8 | C250: =K245*(1-EXP(-K246*A250)) -> 0.78280684 | D250: =B250-C250 -> 0.017193163 | E250: =D250^2 -> 0.00029560487 | F250: =(K247*A250*K245^2)/(1+K247*A250*K245) -> 0.72941577 | G250: =B250-F250 -> 0.070584226 | H250: =G250^2 -> 0.004982133 | J250: SST ORDE 1 | K250: {=SUM((B246:B252-AVERAGE(B246:B252))^2)} -> 0.50857143
A251: 25 | B251: 0.8 | C251: =K245*(1-EXP(-K246*A251)) -> 0.79341702 | D251: =B251-C251 -> 0.0065829756 | E251: =D251^2 -> 4.3335567e-05 | F251: =(K247*A251*K245^2)/(1+K247*A251*K245) -> 0.74251829 | G251: =B251-F251 -> 0.057481706 | H251: =G251^2 -> 0.0033041466 | J251: SST ORDE 2 | K251: {=SUM((B246:B252-AVERAGE(B246:B252))^2)} -> 0.50857143
A252: 30 | B252: 0.8 | C252: =K245*(1-EXP(-K246*A252)) -> 0.79747949 | D252: =B252-C252 -> 0.0025205116 | E252: =D252^2 -> 6.3529785e-06 | F252: =(K247*A252*K245^2)/(1+K247*A252*K245) -> 0.75151799 | G252: =B252-F252 -> 0.048482011 | H252: =G252^2 -> 0.0023505054 | J252: R^2 ORDE 1 | K252: =1-(K248/K250) -> 0.99268701
J253: R^2 ORDE 2 | K253: =1-(K249/K251) -> 0.96561937
...

Sheet Hasil EFB 0.85mm
D1: Calcium
A2: Time (min) | B2: Concentration EFB 0,85mm (Ct1) | C2: Orde 1 (Ct2) | D2: Error 1 | E2: Error ^2 1 | F2: Orde 2 (Ct3) | G2: Error 2 | H2: Error^2 2 | J2: Csat | K2: 132.6
A3: 0 | B3: 0 | C3: 0 | D3: 0 | E3: 0 | F3: 0 | G3: 0 | H3: 0 | J3: K1 | K3: 0.24904654
A4: 5 | B4: 94.7 | C4: =K2*(1-EXP((-K3*A4))) -> 94.427918 | D4: =B4-C4 -> 0.27208161 | E4: =D4^2 -> 0.074028401 | F4: =(K4*A4*K2^2)/(1+K4*A4*K2) -> 103.49863 | G4: =B4-F4 -> -8.7986275 | H4: =G4^2 -> 77.415846 | J4: K2 | K4: 0.0053642325
A5: 10 | B5: 124.8 | C5: =K2*(1-EXP((-K3*A5))) -> 121.61125 | D5: =B5-C5 -> 3.1887467 | E5: =D5^2 -> 10.168106 | F5: =(K4*A5*K2^2)/(1+K4*A5*K2) -> 116.25581 | G5: =B5-F5 -> 8.544195 | H5: =G5^2 -> 73.003267 | J5: SSE Orde 1 | K5: =SUM(E3:E9) -> 123.09594
A6: 15 | B6: 124.4 | C6: =K2*(1-EXP((-K3*A6))) -> 129.43663 | D6: =B6-C6 -> -5.0366264 | E6: =D6^2 -> 25.367606 | F6: =(K4*A6*K2^2)/(1+K4*A6*K2) -> 121.237 | G6: =B6-F6 -> 3.1629953 | H6: =G6^2 -> 10.004539 | J6: SSE Orde 2 | K6: =SUM(H3:H9) -> 197.1445
A7: 20 | B7: 125.1 | C7: =K2*(1-EXP((-K3*A7))) -> 131.68935 | D7: =B7-C7 -> -6.5893473 | E7: =D7^2 -> 43.419497 | F7: =(K4*A7*K2^2)/(1+K4*A7*K2) -> 123.89118 | G7: =B7-F7 -> 1.2088194 | H7: =G7^2 -> 1.4612442 | J7: SST Orde 1 | K7: {=SUM((Table2[Concentration EFB 0,85mm (Ct1)]-AVERAGE(Table2[Concentration EFB 0,85mm (Ct1)]))^2)} -> 13485.28
A8: 25 | B8: 125.7 | C8: =K2*(1-EXP((-K3*A8))) -> 132.33785 | D8: =B8-C8 -> -6.6378468 | E8: =D8^2 -> 44.06101 | F8: =(K4*A8*K2^2)/(1+K4*A8*K2) -> 125.54021 | G8: =B8-F8 -> 0.15978916 | H8: =G8^2 -> 0.025532575 | J8: SST Orde 2 | K8: {=SUM((Table2[Concentration EFB 0,85mm (Ct1)]-AVERAGE(Table2[Concentration EFB 0,85mm (Ct1)]))^2)} -> 13485.28
A9: 30 | B9: 132.6 | C9: =K2*(1-EXP((-K3*A9))) -> 132.52453 | D9: =B9-C9 -> 0.075467062 | E9: =D9^2 -> 0.0056952774 | F9: =(K4*A9*K2^2)/(1+K4*A9*K2) -> 126.66417 | G9: =B9-F9 -> 5.9358295 | H9: =G9^2 -> 35.234071 | J9: R^2 Orde 1 | K9: =1-(K5/K7) -> 0.99087183
J10: R^2 Orde 2 | K10: =1-(K6/K8) -> 0.98538076
D27: Sulfur
A28: Time (min) | B28: Concentration (Ct1) | C28: Orde 1 | D28: Error 1 | E28: Error^2 1 | F28: Orde 2 | G28: Error 2 | H28: Error^2 2 | J28: Csat | K28: 9.3
A29: 0 | B29: 0 | C29: 0 | D29: 0 | E29: 0 | F29: 0 | G29: 0 | H29: 0 | J29: K1 | K29: 5.9707657
A30: 5 | B30: 7.3 | C30: =K28*(1-EXP(-K29*A30)) -> 9.3 | D30: =B30-C30 -> -2 | E30: =D30^2 -> 4 | F30: =(K30*A30*K28^2)/(1+K30*A30*K28) -> 7.4480727 | G30: =B30-F30 -> -0.14807267 | H30: =G30^2 -> 0.021925516 | J30: K2 | K30: 0.086490222
A31: 10 | B31: 8.5 | C31: =K28*(1-EXP(-K29*A31)) -> 9.3 | D31: =B31-C31 -> -0.8 | E31: =D31^2 -> 0.64 | F31: =(K30*A31*K28^2)/(1+K30*A31*K28) -> 8.2716474 | G31: =B31-F31 -> 0.22835261 | H31: =G31^2 -> 0.052144913 | J31: SSE Orde 1 | K31: =SUM(E29:E35) -> 5.93
A32: 15 | B32: 8.5 | C32: =K28*(1-EXP(-K29*A32)) -> 9.3 | D32: =B32-C32 -> -0.8 | E32: =D32^2 -> 0.64 | F32: =(K30*A32*K28^2)/(1+K30*A32*K28) -> 8.5881955 | G32: =B32-F32 -> -0.08819554 | H32: =G32^2 -> 0.0077784533 | J32: SSE Orde 2 | K32: =SUM(H29:H35) -> 0.24469498
A33: 20 | B33: 8.6 | C33: =K28*(1-EXP(-K29*A33)) -> 9.3 | D33: =B33-C33 -> -0.7 | E33: =D33^2 -> 0.49 | F33: =(K30*A33*K28^2)/(1+K30*A33*K28) -> 8.7557324 | G33: =B33-F33 -> -0.15573235 | H33: =G33^2 -> 0.024252565 | J33: SST Orde 1 | K33: {=SUM((B29:B35-AVERAGE(B29:B35))^2)} -> 64.42
A34: 25 | B34: 8.9 | C34: =K28*(1-EXP(-K29*A34)) -> 9.3 | D34: =B34-C34 -> -0.4 | E34: =D34^2 -> 0.16 | F34: =(K30*A34*K28^2)/(1+K30*A34*K28) -> 8.8594291 | G34: =B34-F34 -> 0.040570861 | H34: =G34^2 -> 0.0016459948 | J34: SST Orde 2 | K34: {=SUM((B29:B35-AVERAGE(B29:B35))^2)} -> 64.42
A35: 30 | B35: 9.3 | C35: =K28*(1-EXP(-K29*A35)) -> 9.3 | D35: =B35-C35 -> 0 | E35: =D35^2 -> 0 | F35: =(K30*A35*K28^2)/(1+K30*A35*K28) -> 8.9299358 | G35: =B35-F35 -> 0.37006424 | H35: =G35^2 -> 0.13694754 | J35: R^2 Orde 1 | K35: =1-(K31/K33) -> 0.90794784
J36: R^2 Orde 2 | K36: =1-(K32/K34) -> 0.99620157
D54: Magnesium
A55: Time (min) | B55: Concentration (Ct1) | C55: Orde 1 (Ct2) | D55: Error 1 | E55: Error^2 1 | F55: Orde 2 (Ct3) | G55: Error 2 | H55: Error^2 2
A56: 0 | B56: 0 | C56: 0 | D56: 0 | E56: 0 | F56: 0 | G56: 0 | H56: 0 | J56: Csat | K56: 95.7
A57: 5 | B57: 67.8 | C57: =K56*(1-EXP(-K57*A57)) -> 95.7 | D57: =B57-C57 -> -27.9 | E57: =D57^2 -> 778.41 | F57: =(K58*A57*K56^2)/(1+K58*A57*K56) -> 72.966442 | G57: =B57-F57 -> -5.1664415 | H57: =G57^2 -> 26.692118 | J57: K1 | K57: 5.8882085
A58: 10 | B58: 88.2 | C58: =K56*(1-EXP(-K57*A58)) -> 95.7 | D58: =B58-C58 -> -7.5 | E58: =D58^2 -> 56.25 | F58: =(K58*A58*K56^2)/(1+K58*A58*K56) -> 82.801159 | G58: =B58-F58 -> 5.3988406 | H58: =G58^2 -> 29.14748 | J58: K2 | K58: 0.0067077027
A59: 15 | B59: 87 | C59: =K56*(1-EXP(-K57*A59)) -> 95.7 | D59: =B59-C59 -> -8.7 | E59: =D59^2 -> 75.69 | F59: =(K58*A59*K56^2)/(1+K58*A59*K56) -> 86.696252 | G59: =B59-F59 -> 0.30374784 | H59: =G59^2 -> 0.092262747 | J59: SSE Orde 1 | K59: =SUM(E56:E62) -> 978.13
A60: 20 | B60: 89.4 | C60: =K56*(1-EXP(-K57*A60)) -> 95.7 | D60: =B60-C60 -> -6.3 | E60: =D60^2 -> 39.69 | F60: =(K58*A60*K56^2)/(1+K58*A60*K56) -> 88.784532 | G60: =B60-F60 -> 0.61546795 | H60: =G60^2 -> 0.3788008 | J60: SSE Orde 2 | K60: =SUM(H56:H62) -> 78.726094
A61: 25 | B61: 90.4 | C61: =K56*(1-EXP(-K57*A61)) -> 95.7 | D61: =B61-C61 -> -5.3 | E61: =D61^2 -> 28.09 | F61: =(K58*A61*K56^2)/(1+K58*A61*K56) -> 90.086497 | G61: =B61-F61 -> 0.31350289 | H61: =G61^2 -> 0.098284061 | J61: SST Orde 1 | K61: {=SUM((B56:B62-AVERAGE(B56:B62))^2)} -> 6862.0543
A62: 30 | B62: 95.7 | C62: =K56*(1-EXP(-K57*A62)) -> 95.7 | D62: =B62-C62 -> 0 | E62: =D62^2 -> 0 | F62: =(K58*A62*K56^2)/(1+K58*A62*K56) -> 90.975897 | G62: =B62-F62 -> 4.7241029 | H62: =G62^2 -> 22.317148 | J62: SST Orde 2 | K62: {=SUM((B56:B62-AVERAGE(B56:B62))^2)} -> 6862.0543
J63: R^2 Orde 1 | K63: =1-(K59/K61) -> 0.85745814
J64: R^2 Orde 2 | K64: =1-(K60/K62) -> 0.98852733
D80: Silicon
A81: Time (min) | B81: Concentration (Ct1) | C81: Orde 1 (Ct2) | D81: Error 1 | E81: Error^2 1 | F81: Orde 2 (Ct2) | G81: Error 2 | H81: Error^2 2 | J81: Csat | K81: 5.09
A82: 0 | B82: 0 | C82: 0 | D82: 0 | E82: 0 | F82: 0 | G82: 0 | H82: 0 | J82: K1 | K82: 5.4154431
A83: 5 | B83: 3.59 | C83: =K81*(1-EXP(-K82*A83)) -> 5.09 | D83: =B83-C83 -> -1.5 | E83: =D83^2 -> 2.25 | F83: =(K83*A83*K81^2)/(1+K83*A83*K81) -> 3.4393563 | G83: =B83-F83 -> 0.15064365 | H83: =G83^2 -> 0.022693509 | J83: K2 | K83: 0.081872125
A84: 10 | B84: 3.69 | C84: =K81*(1-EXP(-K82*A84)) -> 5.09 | D84: =B84-C84 -> -1.4 | E84: =D84^2 -> 1.96 | F84: =(K83*A84*K81^2)/(1+K83*A84*K81) -> 4.1049578 | G84: =B84-F84 -> -0.41495777 | H84: =G84^2 -> 0.17218995 | J84: SSE Orde 1 | K84: =SUM(E82:E88) -> 5.17
A85: 15 | B85: 4.29 | C85: =K81*(1-EXP(-K82*A85)) -> 5.09 | D85: =B85-C85 -> -0.8 | E85: =D85^2 -> 0.64 | F85: =(K83*A85*K81^2)/(1+K83*A85*K81) -> 4.3880217 | G85: =B85-F85 -> -0.098021734 | H85: =G85^2 -> 0.0096082604 | J85: SSE Orde 2 | K85: =SUM(H82:H88) -> 0.36981236
A86: 20 | B86: 4.69 | C86: =K81*(1-EXP(-K82*A86)) -> 5.09 | D86: =B86-C86 -> -0.4 | E86: =D86^2 -> 0.16 | F86: =(K83*A86*K81^2)/(1+K83*A86*K81) -> 4.5447158 | G86: =B86-F86 -> 0.14528417 | H86: =G86^2 -> 0.021107491 | J86: SST Orde 1 | K86: {=SUM((B82:B88-AVERAGE(B82:B88))^2)} -> 17.9398
A87: 25 | B87: 4.69 | C87: =K81*(1-EXP(-K82*A87)) -> 5.09 | D87: =B87-C87 -> -0.4 | E87: =D87^2 -> 0.16 | F87: =(K83*A87*K81^2)/(1+K83*A87*K81) -> 4.6442215 | G87: =B87-F87 -> 0.045778455 | H87: =G87^2 -> 0.002095667 | J87: SST Orde 2 | K87: {=SUM((B82:B88-AVERAGE(B82:B88))^2)} -> 17.9398
A88: 30 | B88: 5.09 | C88: =K81*(1-EXP(-K82*A88)) -> 5.09 | D88: =B88-C88 -> 0 | E88: =D88^2 -> 0 | F88: =(K83*A88*K81^2)/(1+K83*A88*K81) -> 4.7130153 | G88: =B88-F88 -> 0.37698472 | H88: =G88^2 -> 0.14211748 | J88: R^2 Orde 1 | K88: =1-(K84/K86) -> 0.71181396
J89: R^2 Orde 2 | K89: =1-(K85/K87) -> 0.97938593
D107: Sodium
A108: Time (min) | B108: Concentration (Ct1) | C108: Orde 1 (Ct2) | D108: Error 1 | E108: Error^2 1 | F108: Orde 2 (Ct3) | G108: Error 2 | H108: Error^2 2 | J108: Csat | K108: 17.5
A109: 0 | B109: 0 | C109: 0 | D109: 0 | E109: 0 | F109: 0 | G109: 0 | H109: 0 | J109: K1 | K109: 0.38593791
A110: 5 | B110: 15.5 | C110: =K108*(1-EXP(-K109*A110)) -> 14.959118 | D110: =B110-C110 -> 0.54088213 | E110: =D110^2 -> 0.29255347 | F110: =(K110*A110*K108^2)/(1+K110*A110*K108) -> 15.166965 | G110: =B110-F110 -> 0.33303473 | H110: =G110^2 -> 0.11091213 | J110: K2 | K110: 0.074296685
A111: 10 | B111: 15.6 | C111: =K108*(1-EXP(-K109*A111)) -> 17.131081 | D111: =B111-C111 -> -1.531081 | E111: =D111^2 -> 2.3442091 | F111: =(K110*A111*K108^2)/(1+K110*A111*K108) -> 16.250171 | G111: =B111-F111 -> -0.65017139 | H111: =G111^2 -> 0.42272284 | J111: SSE Orde 1 | K111: =SUM(E109:E115) -> 4.8827781
A112: 15 | B112: 16 | C112: =K108*(1-EXP(-K109*A112)) -> 17.446435 | D112: =B112-C112 -> -1.4464355 | E112: =D112^2 -> 2.0921755 | F112: =(K110*A112*K108^2)/(1+K110*A112*K108) -> 16.646461 | G112: =B112-F112 -> -0.64646137 | H112: =G112^2 -> 0.4179123 | J112: SSE Orde 2 | K112: =SUM(H109:H115) -> 1.4772413
A113: 20 | B113: 17.1 | C113: =K108*(1-EXP(-K109*A113)) -> 17.492223 | D113: =B113-C113 -> -0.39222279 | E113: =D113^2 -> 0.15383872 | F113: =(K110*A113*K108^2)/(1+K110*A113*K108) -> 16.851944 | G113: =B113-F113 -> 0.24805599 | H113: =G113^2 -> 0.061531773 | J113: SST Orde 1 | K113: {=SUM((B109:B115-AVERAGE(B109:B115))^2)} -> 238.71429
A114: 25 | B114: 17.5 | C114: =K108*(1-EXP(-K109*A114)) -> 17.498871 | D114: =B114-C114 -> 0.0011291988 | E114: =D114^2 -> 1.2750899e-06 | F114: =(K110*A114*K108^2)/(1+K110*A114*K108) -> 16.977687 | G114: =B114-F114 -> 0.52231323 | H114: =G114^2 -> 0.27281111 | J114: SST Orde 2 | K114: {=SUM((B109:B115-AVERAGE(B109:B115))^2)} -> 238.71429
A115: 30 | B115: 17.5 | C115: =K108*(1-EXP(-K109*A115)) -> 17.499836 | D115: =B115-C115 -> 0.00016395206 | E115: =D115^2 -> 2.6880276e-08 | F115: =(K110*A115*K108^2)/(1+K110*A115*K108) -> 17.062563 | G115: =B115-F115 -> 0.43743701 | H115: =G115^2 -> 0.19135114 | J115: R^2 Orde 1 | K115: =1-(K111/K113) -> 0.97954551
J116: R^2 Orde 2 | K116: =1-(K112/K114) -> 0.99381168
D135: Fosfor
A136: Time (min) | B136: Concentration (Ct1) | C136: Orde 1 (Ct2) | D136: Error 1 | E136: Error^2 1 | F136: Orde 2 (Ct3) | G136: Error 2 | H136: Error^2 2 | J136: Csat | K136: 27.2
A137: 0 | B137: 0 | C137: 0 | D137: 0 | E137: 0 | F137: 0 | G137: 0 | H137: 0 | J137: K1 | K137: 0.17635548
A138: 5 | B138: 19.2 | C138: =K136*(1-EXP(-K137*A138)) -> 15.93794 | D138: =B138-C138 -> 3.2620601 | E138: =D138^2 -> 10.641036 | F138: =(K138*A138*K136^2)/(1+K138*A138*K136) -> 18.723565 | G138: =B138-F138 -> 0.47643544 | H138: =G138^2 -> 0.22699073 | J138: K2 | K138: 0.016241883
A139: 10 | B139: 20.1 | C139: =K136*(1-EXP(-K137*A139)) -> 22.536985 | D139: =B139-C139 -> -2.4369854 | E139: =D139^2 -> 5.9388979 | F139: =(K138*A139*K136^2)/(1+K138*A139*K136) -> 22.179505 | G139: =B139-F139 -> -2.0795046 | H139: =G139^2 -> 4.3243394 | J139: SSE Orde 1 | K139: =SUM(E137:E143) -> 25.507417
A140: 15 | B140: 24.5 | C140: =K136*(1-EXP(-K137*A140)) -> 25.269296 | D140: =B140-C140 -> -0.76929594 | E140: =D140^2 -> 0.59181624 | F140: =(K138*A140*K136^2)/(1+K138*A140*K136) -> 23.633576 | G140: =B140-F140 -> 0.86642355 | H140: =G140^2 -> 0.75068978 | J140: SSE Orde 2 | K140: =SUM(H137:H143) -> 9.0064114
A141: 20 | B141: 24.5 | C141: =K136*(1-EXP(-K137*A141)) -> 26.400599 | D141: =B141-C141 -> -1.9005991 | E141: =D141^2 -> 3.6122769 | F141: =(K138*A141*K136^2)/(1+K138*A141*K136) -> 24.434531 | G141: =B141-F141 -> 0.065468702 | H141: =G141^2 -> 0.004286151 | J141: SST Orde 1 | K141: {=SUM((B137:B143-AVERAGE(B137:B143))^2)} -> 515.07429
A142: 25 | B142: 24.7 | C142: =K136*(1-EXP(-K137*A142)) -> 26.869011 | D142: =B142-C142 -> -2.169011 | E142: =D142^2 -> 4.7046087 | F142: =(K138*A142*K136^2)/(1+K138*A142*K136) -> 24.941704 | G142: =B142-F142 -> -0.24170411 | H142: =G142^2 -> 0.058420875 | J142: SST Orde 2 | K142: {=SUM((B137:B143-AVERAGE(B137:B143))^2)} -> 515.07429
A143: 30 | B143: 27.2 | C143: =K136*(1-EXP(-K137*A143)) -> 27.062955 | D143: =B143-C143 -> 0.13704479 | E143: =D143^2 -> 0.018781273 | F143: =(K138*A143*K136^2)/(1+K138*A143*K136) -> 25.29168 | G143: =B143-F143 -> 1.9083198 | H143: =G143^2 -> 3.6416845 | J143: R^2 Orde 1 | K143: =1-(K139/K141) -> 0.95047818
J144: R^2 Orde 2 | K144: =1-(K140/K142) -> 0.98251434
D162: Iron
A163: Time (min) | B163: Concentration (Ct1) | C163: Orde 1 (Ct2) | D163: Error 1 | E163: Error^2 1 | F163: Orde 2 (Ct3) | G163: Error 2 | H163: Error^2 2 | J163: Csat | K163: 8.89
A164: 0 | B164: 0 | C164: 0 | D164: 0 | E164: 0 | F164: 0 | G164: 0 | H164: 0 | J164: K1 | K164: 0.14641933
A165: 5 | B165: 4.79 | C165: =K163*(1-EXP(-K164*A165)) -> 4.6148021 | D165: =B165-C165 -> 0.17519786 | E165: =D165^2 -> 0.030694289 | F165: =(K165*A165*K163^2)/(1+K165*A165*K163) -> 5.6507771 | G165: =B165-F165 -> -0.8607771 | H165: =G165^2 -> 0.74093722 | J165: K2 | K165: 0.039246016
A166: 10 | B166: 6.89 | C166: =K163*(1-EXP(-K164*A166)) -> 6.8340589 | D166: =B166-C166 -> 0.055941137 | E166: =D166^2 -> 0.0031294108 | F166: =(K165*A166*K163^2)/(1+K165*A166*K163) -> 6.9095906 | G166: =B166-F166 -> -0.019590605 | H166: =G166^2 -> 0.00038379179 | J166: SSE Orde 1 | K166: =SUM(E164:E170) -> 0.14851391
A167: 15 | B167: 7.59 | C167: =K163*(1-EXP(-K164*A167)) -> 7.9012986 | D167: =B167-C167 -> -0.31129863 | E167: =D167^2 -> 0.09690684 | F167: =(K165*A167*K163^2)/(1+K165*A167*K163) -> 7.4638249 | G167: =B167-F167 -> 0.12617509 | H167: =G167^2 -> 0.015920153 | J167: SSE Orde 2 | K167: =SUM(H164:H170) -> 2.1131469
A168: 20 | B168: 8.39 | C168: =K163*(1-EXP(-K164*A168)) -> 8.4145339 | D168: =B168-C168 -> -0.024533863 | E168: =D168^2 -> 0.00060191043 | F168: =(K165*A168*K163^2)/(1+K165*A168*K163) -> 7.7756775 | G168: =B168-F168 -> 0.61432251 | H168: =G168^2 -> 0.37739215 | J168: SST Orde 1 | K168: {=SUM((B164:B170-AVERAGE(B164:B170))^2)} -> 60.148086
A169: 25 | B169: 8.59 | C169: =K163*(1-EXP(-K164*A169)) -> 8.6613485 | D169: =B169-C169 -> -0.071348503 | E169: =D169^2 -> 0.0050906089 | F169: =(K165*A169*K163^2)/(1+K165*A169*K163) -> 7.9756193 | G169: =B169-F169 -> 0.61438073 | H169: =G169^2 -> 0.37746369 | J169: SST Orde 2 | K169: {=SUM((B164:B170-AVERAGE(B164:B170))^2)} -> 60.148086
A170: 30 | B170: 8.89 | C170: =K163*(1-EXP(-K164*A170)) -> 8.7800416 | D170: =B170-C170 -> 0.10995842 | E170: =D170^2 -> 0.012090855 | F170: =(K165*A170*K163^2)/(1+K165*A170*K163) -> 8.1147259 | G170: =B170-F170 -> 0.77527408 | H170: =G170^2 -> 0.6010499 | J170: R^2 Orde 1 | K170: =1-(K166/K168) -> 0.99753086
J171: R^2 Orde 2 | K171: =1-(K167/K169) -> 0.9648676
D189: Titanium
A190: Time (min) | B190: Concentration (Ct1) | C190: Orde 1 (Ct2) | D190: Error 1 | E190: Error^2 1 | F190: Orde 2 (Ct3) | G190: Error 2 | H190: Error^2 2 | J190: Csat | K190: 0.1
A191: 0 | B191: 0 | C191: 0 | D191: 0 | E191: 0 | F191: 0 | G191: 0 | H191: 0 | J191: K1 | K191: 0.12872628
A192: 5 | B192: 0 | C192: =K190*(1-EXP(-K191*A192)) -> 0.047461891 | D192: =B192-C192 -> -0.047461891 | E192: =D192^2 -> 0.0022526311 | F192: =(K192*A192*K190^2)/(1+K192*A192*K190) -> 0.056377838 | G192: =B192-F192 -> -0.056377838 | H192: =G192^2 -> 0.0031784606 | J192: K2 | K192: 2.5848255
A193: 10 | B193: 0.1 | C193: =K190*(1-EXP(-K191*A193)) -> 0.072397471 | D193: =B193-C193 -> 0.027602529 | E193: =D193^2 -> 0.00076189962 | F193: =(K192*A193*K190^2)/(1+K192*A193*K190) -> 0.072104639 | G193: =B193-F193 -> 0.027895361 | H193: =G193^2 -> 0.00077815116 | J193: SSE Orde 1 | K193: =SUM(E191:E197) -> 0.0033033291
A194: 15 | B194: 0.1 | C194: =K190*(1-EXP(-K191*A194)) -> 0.085498153 | D194: =B194-C194 -> 0.014501847 | E194: =D194^2 -> 0.00021030356 | F194: =(K192*A194*K190^2)/(1+K192*A194*K190) -> 0.079496593 | G194: =B194-F194 -> 0.020503407 | H194: =G194^2 -> 0.0004203897 | J194: SSE Orde 2 | K194: =SUM(H191:H197) -> 0.0049497815
A195: 20 | B195: 0.1 | C195: =K190*(1-EXP(-K191*A195)) -> 0.092381004 | D195: =B195-C195 -> 0.0076189962 | E195: =D195^2 -> 5.8049103e-05 | F195: =(K192*A195*K190^2)/(1+K192*A195*K190) -> 0.083791628 | G195: =B195-F195 -> 0.016208372 | H195: =G195^2 -> 0.00026271134 | J195: SST Orde 1 | K195: {=SUM(((B191:B197-AVERAGE(B191:B197))^2))} -> 0.014285714
A196: 25 | B196: 0.1 | C196: =K190*(1-EXP(-K191*A196)) -> 0.095997123 | D196: =B196-C196 -> 0.0040028765 | E196: =D196^2 -> 1.6023021e-05 | F196: =(K192*A196*K190^2)/(1+K192*A196*K190) -> 0.086598881 | G196: =B196-F196 -> 0.013401119 | H196: =G196^2 -> 0.00017958998 | J196: SST Orde 2 | K196: {=SUM((B191:B197-AVERAGE(B191:B197))^2)} -> 0.014285714
A197: 30 | B197: 0.1 | C197: =K190*(1-EXP(-K191*A197)) -> 0.097896964 | D197: =B197-C197 -> 0.0021030356 | E197: =D197^2 -> 4.4227589e-06 | F197: =(K192*A197*K190^2)/(1+K192*A197*K190) -> 0.088577272 | G197: =B197-F197 -> 0.011422728 | H197: =G197^2 -> 0.00013047871 | J197: R^2 Orde 1 | K197: =1-(K193/K195) -> 0.76876696
J198: R^2 Orde 2 | K198: =1-(K194/K196) -> 0.6535153
D217: Potassium
A218: Time (min) | B218: Concentration (Ct1) | C218: Orde 1 (Ct2) | D218: Error 1 | E218: Error^2 1 | F218: Orde 2 (Ct3) | G218: Error 2 | H218: Error^2 2 | J218: Csat | K218: 668.6
A219: 0 | B219: 0 | C219: 0 | D219: =B219-C219 -> 0 | E219: =D219^2 -> 0 | F219: 0 | G219: =B219-F219 -> 0 | H219: =G219^2 -> 0 | J219: k1 | K219: 0.20322988
A220: 5 | B220: 488.7 | C220: =K218*(1-EXP(-K219*A220)) -> 426.57608 | D220: =B220-C220 -> 62.123922 | E220: =D220^2 -> 3859.3817 | F220: =(K220*A220*K218^2)/(1+K220*A220*K218) -> 489.98793 | G220: =B220-F220 -> -1.2879282 | H220: =G220^2 -> 1.658759 | J220: k2 | K220: 0.00082061263
A221: 10 | B221: 523.4 | C221: =K218*(1-EXP(-K219*A221)) -> 580.9907 | D221: =B221-C221 -> -57.590699 | E221: =D221^2 -> 3316.6886 | F221: =(K220*A221*K218^2)/(1+K220*A221*K218) -> 565.52623 | G221: =B221-F221 -> -42.126225 | H221: =G221^2 -> 1774.6188 | J221: SSE Orde 1 | K221: =SUM(E219:E225) -> 9404.38
A222: 15 | B222: 596.2 | C222: =K218*(1-EXP(-K219*A222)) -> 636.88665 | D222: =B222-C222 -> -40.686649 | E222: =D222^2 -> 1655.4034 | F222: =(K220*A222*K218^2)/(1+K220*A222*K218) -> 596.1617 | G222: =B222-F222 -> 0.038299255 | H222: =G222^2 -> 0.0014668329 | J222: SSE Orde 2 | K222: =SUM(H219:H225) -> 4610.739
A223: 20 | B223: 641.7 | C223: =K218*(1-EXP(-K219*A223)) -> 657.12021 | D223: =B223-C223 -> -15.420207 | E223: =D223^2 -> 237.78278 | F223: =(K220*A223*K218^2)/(1+K220*A223*K218) -> 612.75877 | G223: =B223-F223 -> 28.94123 | H223: =G223^2 -> 837.59477 | J223: SST Orde 1 | K223: {=SUM((B219:B225-AVERAGE(B219:B225))^2)} -> 329209.12
A224: 25 | B224: 646.2 | C224: =K218*(1-EXP(-K219*A224)) -> 664.44447 | D224: =B224-C224 -> -18.244474 | E224: =D224^2 -> 332.86084 | F224: =(K220*A224*K218^2)/(1+K220*A224*K218) -> 623.16813 | G224: =B224-F224 -> 23.031874 | H224: =G224^2 -> 530.46724 | J224: SST Orde 2 | K224: {=SUM((B219:B225-AVERAGE(B219:B225))^2)} -> 329209.12
A225: 30 | B225: 668.6 | C225: =K218*(1-EXP(-K219*A225)) -> 667.09576 | D225: =B225-C225 -> 1.5042427 | E225: =D225^2 -> 2.262746 | F225: =(K220*A225*K218^2)/(1+K220*A225*K218) -> 630.30643 | G225: =B225-F225 -> 38.293575 | H225: =G225^2 -> 1466.3979 | J225: R^2 Orde 1 | K225: =1-(K221/K223) -> 0.97143342
J226: R^2 Orde 2 | K226: =1-(K222/K224) -> 0.9859945
D243: Alumunium
A244: Time (min) | B244: Concentration (Ct1) | C244: Orde 1 (Ct2) | D244: Error 1 | E244: Error^2 1 | F244: Orde 2 (Ct3) | G244: Error 2 | H244: Error^2 2 | J244: Csat | K244: 0.9
A245: 0 | B245: 0 | C245: 0 | D245: =B245-C245 -> 0 | E245: =D245^2 -> 0 | F245: 0 | G245: =B245-F245 -> 0 | H245: =G245^2 -> 0 | J245: K1 | K245: 0.11952349
A246: 5 | B246: 0.4 | C246: =K244*(1-EXP(-K245*A246)) -> 0.40489131 | D246: =B246-C246 -> -0.0048913107 | E246: =D246^2 -> 2.3924921e-05 | F246: =(K246*A246*K244^2)/(1+K246*A246*K244) -> 0.50787888 | G246: =B246-F246 -> -0.10787888 | H246: =G246^2 -> 0.011637852 | J246: K2 | K246: 0.28782426
A247: 10 | B247: 0.7 | C247: =K244*(1-EXP(-K245*A247)) -> 0.62763043 | D247: =B247-C247 -> 0.072369571 | E247: =D247^2 -> 0.0052373549 | F247: =(K246*A247*K244^2)/(1+K246*A247*K244) -> 0.64933283 | G247: =B247-F247 -> 0.050667168 | H247: =G247^2 -> 0.0025671619 | J247: SSE Orde 1 | K247: =SUM(E245:E251) -> 0.011695872
A248: 15 | B248: 0.7 | C248: =K244*(1-EXP(-K245*A248)) -> 0.75016384 | D248: =B248-C248 -> -0.050163843 | E248: =D248^2 -> 0.0025164111 | F248: =(K246*A248*K244^2)/(1+K246*A248*K244) -> 0.7157862 | G248: =B248-F248 -> -0.015786203 | H248: =G248^2 -> 0.0002492042 | J248: SSE Orde 2 | K248: =SUM(H245:H251) -> 0.027478521
A249: 20 | B249: 0.8 | C249: =K244*(1-EXP(-K245*A249)) -> 0.81757202 | D249: =B249-C249 -> -0.017572018 | E249: =D249^2 -> 0.00030877583 | F249: =(K246*A249*K244^2)/(1+K246*A249*K244) -> 0.75438865 | G249: =B249-F249 -> 0.045611354 | H249: =G249^2 -> 0.0020803956 | J249: SST Orde 1 | K249: {=SUM((B245:B251-AVERAGE(B245:B251))^2)} -> 0.58857143
A250: 25 | B250: 0.8 | C250: =K244*(1-EXP(-K245*A250)) -> 0.85465466 | D250: =B250-C250 -> -0.054654656 | E250: =D250^2 -> 0.0029871314 | F250: =(K246*A250*K244^2)/(1+K246*A250*K244) -> 0.77961551 | G250: =B250-F250 -> 0.020384494 | H250: =G250^2 -> 0.00041552759 | J250: SST Orde 2 | K250: {=SUM((B245:B251-AVERAGE(B245:B251))^2)} -> 0.58857143
A251: 30 | B251: 0.9 | C251: =K244*(1-EXP(-K245*A251)) -> 0.87505458 | D251: =B251-C251 -> 0.024945416 | E251: =D251^2 -> 0.00062227376 | F251: =(K246*A251*K244^2)/(1+K246*A251*K244) -> 0.79739211 | G251: =B251-F251 -> 0.10260789 | H251: =G251^2 -> 0.01052838 | J251: R^2 Orde 1 | K251: =1-(K247/K249) -> 0.98012837
...

Sheet Ringkasan Hasil Analisis Logam
A1: EFB (mm) | B1: Logam | C1: Csat | D1: k1 | E1: k2 | F1: R^2 Orde 1 | G1: R^2 Orde 2 | H1: Model Terbaik
A2: 10 | B2: Iron | C2: ='Hasil EFB 10mm'!K164 -> 8.59 | D2: ='Hasil EFB 10mm'!K165 -> 0.095611713 | E2: ='Hasil EFB 10mm'!K166 -> 0.017543226 | F2: ='Hasil EFB 10mm'!K171 -> 0.87819037 | G2: ='Hasil EFB 10mm'!K172 -> -0.96518981 | H2: Orde 1
B3: Calcium | C3: ='Hasil EFB 10mm'!K2 -> 146.2 | D3: ='Hasil EFB 10mm'!K3 -> 0.36902977 | E3: ='Hasil EFB 10mm'!K4 -> 0.008233212 | F3: ='Hasil EFB 10mm'!K9 -> 0.98291724 | G3: ='Hasil EFB 10mm'!K10 -> 0.99732105 | H3: Orde 2
B4: Magnesium | C4: ='Hasil EFB 10mm'!K55 -> 97.3 | D4: ='Hasil EFB 10mm'!K56 -> 6.2060965 | E4: ='Hasil EFB 10mm'!K57 -> 0.007197754 | F4: ='Hasil EFB 10mm'!K62 -> 0.87539546 | G4: ='Hasil EFB 10mm'!K63 -> 0.9865011 | H4: Orde 2
B5: Sodium | C5: ='Hasil EFB 10mm'!K109 -> 2.6 | D5: ='Hasil EFB 10mm'!K110 -> 4.9124859 | E5: ='Hasil EFB 10mm'!K111 -> 0.069659603 | F5: ='Hasil EFB 10mm'!K116 -> 0.068373664 | G5: ='Hasil EFB 10mm'!K117 -> 0.92295558 | H5: Orde 2
B6: Potassium | C6: ='Hasil EFB 10mm'!K218 -> 570.7 | D6: ='Hasil EFB 10mm'!K219 -> 0.31217327 | E6: ='Hasil EFB 10mm'!K220 -> 0.001973912 | F6: ='Hasil EFB 10mm'!K225 -> 0.99843817 | G6: ='Hasil EFB 10mm'!K226 -> 0.98725605 | H6: =IF(F6>G6,"Orde 1",IF(G6>F6,"Orde 2")) -> Orde 1
B7: Phosfor | C7: ='Hasil EFB 10mm'!K136 -> 23.2 | D7: ='Hasil EFB 10mm'!K137 -> 0.25490255 | E7: ='Hasil EFB 10mm'!K138 -> 0.035076371 | F7: ='Hasil EFB 10mm'!K143 -> 0.9998495 | G7: ='Hasil EFB 10mm'!K144 -> 0.97785464 | H7: Orde 1
B8: Silicon | C8: ='Hasil EFB 10mm'!K82 -> 5.19 | D8: ='Hasil EFB 10mm'!K83 -> 5.6388017 | E8: ='Hasil EFB 10mm'!K84 -> 0.05843196 | F8: ='Hasil EFB 10mm'!K89 -> 0.51169421 | G8: ='Hasil EFB 10mm'!K90 -> 0.90906915 | H8: Orde 2
B9: Alumunium | C9: ='Hasil EFB 10mm'!K243 -> 1.6 | D9: ='Hasil EFB 10mm'!K244 -> 0.12504827 | E9: ='Hasil EFB 10mm'!K245 -> 0.17722517 | F9: ='Hasil EFB 10mm'!K250 -> 0.95603409 | G9: ='Hasil EFB 10mm'!K251 -> 0.97601109 | H9: =IF(F9>G9,"Orde 1",IF(G9>F9,"Orde 2")) -> Orde 2
B10: Titanium | C10: ='Hasil EFB 10mm'!K191 -> 0.1 | D10: ='Hasil EFB 10mm'!K192 -> 5368709.2 | E10: ='Hasil EFB 10mm'!K193 -> 0.26738719 | F10: ='Hasil EFB 10mm'!K198 -> 1 | G10: ='Hasil EFB 10mm'!K199 -> -1.2819328 | H10: =IF(F10>G10,"Orde 1",IF(G10>F10,"Orde 2")) -> Orde 1
B11: Sulfur | C11: ='Hasil EFB 10mm'!K28 -> 7.4 | D11: ='Hasil EFB 10mm'!K29 -> 7.4 | E11: ='Hasil EFB 10mm'!K30 -> 0.66582618 | F11: ='Hasil EFB 10mm'!K35 -> 0.99147491 | G11: ='Hasil EFB 10mm'!K36 -> 0.99702692 | H11: =IF(F11>G11,"Orde 1",IF(G11>F11,"Orde 2")) -> Orde 2
B12: Chloride | C12: 3.19 | D12: 0.074914262 | E12: 0.044519642 | F12: 0.93423286 | G12: 0.9828343 | H12: =IF(F12>G12,"Orde 1",IF(G12>F12,"Orde 2")) -> Orde 2
A13: 2 | B13: Iron | C13: ='Hasil EFB 2mm'!K165 -> 8.59 | D13: ='Hasil EFB 2mm'!K166 -> 0.21741957 | E13: ='Hasil EFB 2mm'!K167 -> 0.06531033 | F13: ='Hasil EFB 2mm'!K172 -> 0.9559309 | G13: ='Hasil EFB 2mm'!K173 -> 0.99123975 | H13: =IF(F13>G13,"Orde 1",IF(G13>F13,"Orde 2")) -> Orde 2
B14: Calcium | C14: ='Hasil EFB 2mm'!K2 -> 121.9 | D14: ='Hasil EFB 2mm'!K3 -> 0.56885347 | E14: ='Hasil EFB 2mm'!K4 -> 0.026937232 | F14: ='Hasil EFB 2mm'!K9 -> 0.99674561 | G14: ='Hasil EFB 2mm'!K10 -> 0.99913967 | H14: =IF(F14>G14,"Orde 1",IF(G14>F14,"Orde 2")) -> Orde 2
B15: Magnesium | C15: ='Hasil EFB 2mm'!K56 -> 76.7 | D15: ='Hasil EFB 2mm'!K57 -> 5.7725385 | E15: ='Hasil EFB 2mm'!K58 -> 0.012554595 | F15: ='Hasil EFB 2mm'!K63 -> 0.92570915 | G15: ='Hasil EFB 2mm'!K64 -> 0.98907284 | H15: =IF(F15>G15,"Orde 1",IF(G15>F15,"Orde 2")) -> Orde 2
B16: Sodium | C16: ='Hasil EFB 2mm'!K111 -> 17.2 | D16: ='Hasil EFB 2mm'!K112 -> 0.30714022 | E16: ='Hasil EFB 2mm'!K113 -> 0.05504033 | F16: ='Hasil EFB 2mm'!K118 -> 0.981711 | G16: ='Hasil EFB 2mm'!K119 -> 0.99549648 | H16: =IF(F16>G16,"Orde 1",IF(G16>F16,"Orde 2")) -> Orde 2
B17: Potassium | C17: ='Hasil EFB 2mm'!K219 -> 624.5 | D17: ='Hasil EFB 2mm'!K220 -> 0.53113476 | E17: ='Hasil EFB 2mm'!K221 -> 0.0036061574 | F17: ='Hasil EFB 2mm'!K226 -> 0.99047901 | G17: ='Hasil EFB 2mm'!K227 -> 0.99763798 | H17: =IF(F17>G17,"Orde 1",IF(G17>F17,"Orde 2")) -> Orde 2
B18: Phosfor | C18: ='Hasil EFB 2mm'!K138 -> 23.9 | D18: ='Hasil EFB 2mm'!K139 -> 0.31200172 | E18: ='Hasil EFB 2mm'!K140 -> 0.033644002 | F18: ='Hasil EFB 2mm'!K145 -> 0.94735697 | G18: ='Hasil EFB 2mm'!K146 -> 0.98790331 | H18: =IF(F18>G18,"Orde 1",IF(G18>F18,"Orde 2")) -> Orde 2
B19: Silicon | C19: ='Hasil EFB 2mm'!K83 -> 5.6 | D19: ='Hasil EFB 2mm'!K84 -> 6.3002856 | E19: ='Hasil EFB 2mm'!K85 -> 0.18270333 | F19: ='Hasil EFB 2mm'!K90 -> 0.94027021 | G19: ='Hasil EFB 2mm'!K91 -> 0.99321443 | H19: =IF(F19>G19,"Orde 1",IF(G19>F19,"Orde 2")) -> Orde 2
B20: Alumunium | C20: ='Hasil EFB 2mm'!K245 -> 0.8 | D20: ='Hasil EFB 2mm'!K246 -> 0.19200499 | E20: ='Hasil EFB 2mm'!K247 -> 0.64587357 | F20: ='Hasil EFB 2mm'!K252 -> 0.99268701 | G20: ='Hasil EFB 2mm'!K253 -> 0.96561937 | H20: =IF(F20>G20,"Orde 1",IF(G20>F20,"Orde 2")) -> Orde 1
B21: Titanium | C21: ='Hasil EFB 2mm'!K192 -> 0.1 | D21: ='Hasil EFB 2mm'!K193 -> 5368709.2 | E21: ='Hasil EFB 2mm'!K194 -> 5368709.2 | F21: ='Hasil EFB 2mm'!K199 -> 1 | G21: ='Hasil EFB 2mm'!K200 -> 1 | H21: =IF(F21=G21, "Orde 1 dan Orde 2", IF(ABS(1-F21)<ABS(1-G21), "Orde 1", "Orde 2")) -> Orde 1
B22: Sulfur | C22: ='Hasil EFB 2mm'!K29 -> 8.7 | D22: ='Hasil EFB 2mm'!K30 -> 7.0598493 | E22: ='Hasil EFB 2mm'!K31 -> 0.25311051 | F22: ='Hasil EFB 2mm'!K36 -> 0.98576304 | G22: ='Hasil EFB 2mm'!K37 -> 0.99904379 | H22: =IF(F22>G22,"Orde 1",IF(G22>F22,"Orde 2")) -> Orde 2
B23: Chloride | C23: 4.89 | D23: 0.048236692 | E23: 0.014893192 | F23: 0.87138303 | G23: 0.77564229 | H23: =IF(F23>G23,"Orde 1",IF(G23>F23,"Orde 2")) -> Orde 1
A24: 0.85 | B24: Iron | C24: ='Hasil EFB 0.85mm'!K163 -> 8.89 | D24: ='Hasil EFB 0.85mm'!K164 -> 0.14641933 | E24: ='Hasil EFB 0.85mm'!K165 -> 0.039246016 | F24: ='Hasil EFB 0.85mm'!K170 -> 0.99753086 | G24: ='Hasil EFB 0.85mm'!K171 -> 0.9648676 | H24: =IF(F24>G24,"Orde 1",IF(G24>F24,"Orde 2")) -> Orde 1
B25: Calcium | C25: ='Hasil EFB 0.85mm'!K2 -> 132.6 | D25: ='Hasil EFB 0.85mm'!K3 -> 0.24904654 | E25: ='Hasil EFB 0.85mm'!K4 -> 0.0053642325 | F25: ='Hasil EFB 0.85mm'!K9 -> 0.99087183 | G25: ='Hasil EFB 0.85mm'!K10 -> 0.98538076 | H25: =IF(F25>G25,"Orde 1",IF(G25>F25,"Orde 2")) -> Orde 1
B26: Magnesium | C26: ='Hasil EFB 0.85mm'!K56 -> 95.7 | D26: ='Hasil EFB 0.85mm'!K57 -> 5.8882085 | E26: ='Hasil EFB 0.85mm'!K58 -> 0.0067077027 | F26: ='Hasil EFB 0.85mm'!K63 -> 0.85745814 | G26: ='Hasil EFB 0.85mm'!K64 -> 0.98852733 | H26: =IF(F26>G26,"Orde 1",IF(G26>F26,"Orde 2")) -> Orde 2
B27: Sodium | C27: ='Hasil EFB 0.85mm'!K108 -> 17.5 | D27: ='Hasil EFB 0.85mm'!K109 -> 0.38593791 | E27: ='Hasil EFB 0.85mm'!K110 -> 0.074296685 | F27: ='Hasil EFB 0.85mm'!K115 -> 0.97954551 | G27: ='Hasil EFB 0.85mm'!K116 -> 0.99381168 | H27: =IF(F27>G27,"Orde 1",IF(G27>F27,"Orde 2")) -> Orde 2
B28: Potassium | C28: ='Hasil EFB 0.85mm'!K218 -> 668.6 | D28: ='Hasil EFB 0.85mm'!K219 -> 0.20322988 | E28: ='Hasil EFB 0.85mm'!K220 -> 0.00082061263 | F28: ='Hasil EFB 0.85mm'!K225 -> 0.97143342 | G28: ='Hasil EFB 0.85mm'!K226 -> 0.9859945 | H28: =IF(F28>G28,"Orde 1",IF(G28>F28,"Orde 2")) -> Orde 2
B29: Phosfor | C29: ='Hasil EFB 0.85mm'!K136 -> 27.2 | D29: ='Hasil EFB 0.85mm'!K137 -> 0.17635548 | E29: ='Hasil EFB 0.85mm'!K138 -> 0.016241883 | F29: ='Hasil EFB 0.85mm'!K143 -> 0.95047818 | G29: ='Hasil EFB 0.85mm'!K144 -> 0.98251434 | H29: =IF(F29>G29,"Orde 1",IF(G29>F29,"Orde 2")) -> Orde 2
B30: Silicon | C30: ='Hasil EFB 0.85mm'!K81 -> 5.09 | D30: ='Hasil EFB 0.85mm'!K82 -> 5.4154431 | E30: ='Hasil EFB 0.85mm'!K83 -> 0.081872125 | F30: ='Hasil EFB 0.85mm'!K88 -> 0.71181396 | G30: ='Hasil EFB 0.85mm'!K89 -> 0.97938593 | H30: =IF(F30>G30,"Orde 1",IF(G30>F30,"Orde 2")) -> Orde 2
B31: Alumunium | C31: ='Hasil EFB 0.85mm'!K244 -> 0.9 | D31: ='Hasil EFB 0.85mm'!K245 -> 0.11952349 | E31: ='Hasil EFB 0.85mm'!K246 -> 0.28782426 | F31: ='Hasil EFB 0.85mm'!K251 -> 0.98012837 | G31: ='Hasil EFB 0.85mm'!K252 -> 0.95331319 | H31: =IF(F31>G31,"Orde 1",IF(G31>F31,"Orde 2")) -> Orde 1
B32: Titanium | C32: ='Hasil EFB 0.85mm'!K190 -> 0.1 | D32: ='Hasil EFB 0.85mm'!K191 -> 0.12872628 | E32: ='Hasil EFB 0.85mm'!K192 -> 2.5848255 | F32: ='Hasil EFB 0.85mm'!K197 -> 0.76876696 | G32: ='Hasil EFB 0.85mm'!K198 -> 0.6535153 | H32: =IF(F32>G32,"Orde 1",IF(G32>F32,"Orde 2")) -> Orde 1
B33: Sulfur | C33: ='Hasil EFB 0.85mm'!K28 -> 9.3 | D33: ='Hasil EFB 0.85mm'!K29 -> 5.9707657 | E33: ='Hasil EFB 0.85mm'!K30 -> 0.086490222 | F33: ='Hasil EFB 0.85mm'!K35 -> 0.90794784 | G33: ='Hasil EFB 0.85mm'!K36 -> 0.99620157 | H33: =IF(F33>G33,"Orde 1",IF(G33>F33,"Orde 2")) -> Orde 2
B34: Chloride | C34: 4.99 | D34: 0.053496561 | E34: 0.017232421 | F34: 0.86373951 | G34: 0.78255481 | H34: =IF(F34>G34,"Orde 1",IF(G34>F34,"Orde 2")) -> Orde 1
